WORK=/tmp/go-build4245046153
go: downloading github.com/spf13/cobra v1.10.2
# get https://goproxy.cn/github.com/spf13/cobra/@v/v1.10.2.zip
# get https://goproxy.cn/github.com/spf13/cobra/@v/v1.10.2.zip: 200 OK (1.511s)
# get https://goproxy.cn/github.com/spf13/cobra/@v/v1.10.2.mod
# get https://goproxy.cn/github.com/spf13/cobra/@v/v1.10.2.mod: 200 OK (0.014s)
go: downloading github.com/spf13/pflag v1.0.9
# get https://goproxy.cn/github.com/spf13/pflag/@v/v1.0.9.zip
# get https://goproxy.cn/github.com/spf13/pflag/@v/v1.0.9.zip: 200 OK (0.015s)
# get https://goproxy.cn/github.com/spf13/pflag/@v/v1.0.9.mod
# get https://goproxy.cn/github.com/spf13/pflag/@v/v1.0.9.mod: 200 OK (0.013s)
# get https://goproxy.cn/github.com/spf13/cobra/@v/v1.10.2.info
# get https://goproxy.cn/github.com/spf13/cobra/@v/v1.10.2.info: 200 OK (0.013s)
# get https://goproxy.cn/github.com/spf13/pflag/@v/v1.0.9.info
# get https://goproxy.cn/github.com/spf13/pflag/@v/v1.0.9.info: 200 OK (0.012s)
internal/goarch
mkdir -p $WORK/b006/
internal/unsafeheader
mkdir -p $WORK/b008/
echo '# import config' > $WORK/b006/importcfg # internal
internal/byteorder
mkdir -p $WORK/b012/
cd /home/sketc/workspace/go-progect/sysint
/home/sketc/.g/go/pkg/tool/linux_arm64/compile -o $WORK/b006/_pkg_.a -trimpath "$WORK/b006=>" -p internal/goarch -lang=go1.25 -std -complete -buildid rme4KihvLHKE8V0K0UWh/rme4KihvLHKE8V0K0UWh -goversion go1.25.9 -c=4 -nolocalimports -importcfg $WORK/b006/importcfg -pack /home/sketc/.g/go/src/internal/goarch/goarch.go /home/sketc/.g/go/src/internal/goarch/goarch_arm64.go /home/sketc/.g/go/src/internal/goarch/zgoarch_arm64.go
echo '# import config' > $WORK/b008/importcfg # internal
/home/sketc/.g/go/pkg/tool/linux_arm64/compile -o $WORK/b008/_pkg_.a -trimpath "$WORK/b008=>" -p internal/unsafeheader -lang=go1.25 -std -complete -buildid 5xhzDKeI2jogpO88_BYT/5xhzDKeI2jogpO88_BYT -goversion go1.25.9 -c=4 -nolocalimports -importcfg $WORK/b008/importcfg -pack /home/sketc/.g/go/src/internal/unsafeheader/unsafeheader.go
echo '# import config' > $WORK/b012/importcfg # internal
/home/sketc/.g/go/pkg/tool/linux_arm64/compile -o $WORK/b012/_pkg_.a -trimpath "$WORK/b012=>" -p internal/byteorder -lang=go1.25 -std -complete -buildid dqG95jFcYPVOGbrMEHZX/dqG95jFcYPVOGbrMEHZX -goversion go1.25.9 -c=4 -nolocalimports -importcfg $WORK/b012/importcfg -pack /home/sketc/.g/go/src/internal/byteorder/byteorder.go
internal/cpu
mkdir -p $WORK/b011/
echo -n > $WORK/b011/go_asm.h # internal
cd /home/sketc/.g/go/src/internal/cpu
/home/sketc/.g/go/pkg/tool/linux_arm64/asm -p internal/cpu -trimpath "$WORK/b011=>" -I $WORK/b011/ -I /home/sketc/.g/go/pkg/include -D GOOS_linux -D GOARCH_arm64 -gensymabis -o $WORK/b011/symabis ./cpu.s ./cpu_arm64.s
go tool buildid -w $WORK/b008/_pkg_.a # internal
cp $WORK/b008/_pkg_.a /home/sketc/.cache/go-build/b5/b57bb527b21bc4780a4eda9cd8645dc7377006ab05ebcda08ab6d735cda54a5e-d # internal
go tool buildid -w $WORK/b006/_pkg_.a # internal
internal/coverage/rtcov
mkdir -p $WORK/b014/
echo '# import config' > $WORK/b014/importcfg # internal
cd /home/sketc/workspace/go-progect/sysint
/home/sketc/.g/go/pkg/tool/linux_arm64/compile -o $WORK/b014/_pkg_.a -trimpath "$WORK/b014=>" -p internal/coverage/rtcov -lang=go1.25 -std -complete -buildid H-zG_wa_sFG_oYlPduLo/H-zG_wa_sFG_oYlPduLo -goversion go1.25.9 -c=4 -nolocalimports -importcfg $WORK/b014/importcfg -pack /home/sketc/.g/go/src/internal/coverage/rtcov/rtcov.go
cp $WORK/b006/_pkg_.a /home/sketc/.cache/go-build/dd/dd3293b61a05583f33249499613e08d9ac350699c82c6ec636ca5f5e2ac9b3ce-d # internal
echo '# import config' > $WORK/b011/importcfg # internal
internal/abi
mkdir -p $WORK/b005/
echo -n > $WORK/b005/go_asm.h # internal
cd /home/sketc/.g/go/src/internal/abi
/home/sketc/.g/go/pkg/tool/linux_arm64/asm -p internal/abi -trimpath "$WORK/b005=>" -I $WORK/b005/ -I /home/sketc/.g/go/pkg/include -D GOOS_linux -D GOARCH_arm64 -gensymabis -o $WORK/b005/symabis ./abi_test.s ./stub.s
cd /home/sketc/workspace/go-progect/sysint
/home/sketc/.g/go/pkg/tool/linux_arm64/compile -o $WORK/b011/_pkg_.a -trimpath "$WORK/b011=>" -p internal/cpu -lang=go1.25 -std -buildid d6F88tOIR3XufKo4-wnH/d6F88tOIR3XufKo4-wnH -goversion go1.25.9 -symabis $WORK/b011/symabis -c=4 -nolocalimports -importcfg $WORK/b011/importcfg -pack -asmhdr $WORK/b011/go_asm.h /home/sketc/.g/go/src/internal/cpu/cpu.go /home/sketc/.g/go/src/internal/cpu/cpu_arm64.go /home/sketc/.g/go/src/internal/cpu/cpu_arm64_hwcap.go /home/sketc/.g/go/src/internal/cpu/cpu_arm64_linux.go /home/sketc/.g/go/src/internal/cpu/cpu_no_name.go
go tool buildid -w $WORK/b012/_pkg_.a # internal
cp $WORK/b012/_pkg_.a /home/sketc/.cache/go-build/cf/cfa646c66aee925830f7b24ee39e4857d489826b1e3c4c19f3e40faa763f4fe3-d # internal
internal/godebugs
mkdir -p $WORK/b015/
echo '# import config' > $WORK/b015/importcfg # internal
/home/sketc/.g/go/pkg/tool/linux_arm64/compile -o $WORK/b015/_pkg_.a -trimpath "$WORK/b015=>" -p internal/godebugs -lang=go1.25 -std -complete -buildid P4cqsl7MszrUWLvimn5B/P4cqsl7MszrUWLvimn5B -goversion go1.25.9 -c=4 -nolocalimports -importcfg $WORK/b015/importcfg -pack /home/sketc/.g/go/src/internal/godebugs/table.go
cat >/tmp/go-build4245046153/b005/importcfg << 'EOF' # internal
# import config
packagefile internal/goarch=/tmp/go-build4245046153/b006/_pkg_.a
EOF
/home/sketc/.g/go/pkg/tool/linux_arm64/compile -o $WORK/b005/_pkg_.a -trimpath "$WORK/b005=>" -p internal/abi -lang=go1.25 -std -buildid 3_ueF1eKVSVgDFLbCvko/3_ueF1eKVSVgDFLbCvko -goversion go1.25.9 -symabis $WORK/b005/symabis -c=4 -nolocalimports -importcfg $WORK/b005/importcfg -pack -asmhdr $WORK/b005/go_asm.h /home/sketc/.g/go/src/internal/abi/abi.go /home/sketc/.g/go/src/internal/abi/abi_arm64.go /home/sketc/.g/go/src/internal/abi/compiletype.go /home/sketc/.g/go/src/internal/abi/escape.go /home/sketc/.g/go/src/internal/abi/funcpc.go /home/sketc/.g/go/src/internal/abi/iface.go /home/sketc/.g/go/src/internal/abi/map_noswiss.go /home/sketc/.g/go/src/internal/abi/map_select_swiss.go /home/sketc/.g/go/src/internal/abi/map_swiss.go /home/sketc/.g/go/src/internal/abi/rangefuncconsts.go /home/sketc/.g/go/src/internal/abi/runtime.go /home/sketc/.g/go/src/internal/abi/stack.go /home/sketc/.g/go/src/internal/abi/switch.go /home/sketc/.g/go/src/internal/abi/symtab.go /home/sketc/.g/go/src/internal/abi/type.go
go tool buildid -w $WORK/b015/_pkg_.a # internal
go tool buildid -w $WORK/b014/_pkg_.a # internal
cp $WORK/b015/_pkg_.a /home/sketc/.cache/go-build/4e/4e06d32a70a59372255ad21890c925aa5aa629d2eb9719667feca8cec625e84c-d # internal
internal/goexperiment
mkdir -p $WORK/b016/
echo '# import config' > $WORK/b016/importcfg # internal
/home/sketc/.g/go/pkg/tool/linux_arm64/compile -o $WORK/b016/_pkg_.a -trimpath "$WORK/b016=>" -p internal/goexperiment -lang=go1.25 -std -complete -buildid hCzCUmMHxGxiiuFHpNU8/hCzCUmMHxGxiiuFHpNU8 -goversion go1.25.9 -c=4 -nolocalimports -importcfg $WORK/b016/importcfg -pack /home/sketc/.g/go/src/internal/goexperiment/exp_aliastypeparams_on.go /home/sketc/.g/go/src/internal/goexperiment/exp_arenas_off.go /home/sketc/.g/go/src/internal/goexperiment/exp_boringcrypto_off.go /home/sketc/.g/go/src/internal/goexperiment/exp_cacheprog_off.go /home/sketc/.g/go/src/internal/goexperiment/exp_cgocheck2_off.go /home/sketc/.g/go/src/internal/goexperiment/exp_dwarf5_on.go /home/sketc/.g/go/src/internal/goexperiment/exp_fieldtrack_off.go /home/sketc/.g/go/src/internal/goexperiment/exp_greenteagc_off.go /home/sketc/.g/go/src/internal/goexperiment/exp_heapminimum512kib_off.go /home/sketc/.g/go/src/internal/goexperiment/exp_jsonv2_off.go /home/sketc/.g/go/src/internal/goexperiment/exp_loopvar_off.go /home/sketc/.g/go/src/internal/goexperiment/exp_newinliner_off.go /home/sketc/.g/go/src/internal/goexperiment/exp_preemptibleloops_off.go /home/sketc/.g/go/src/internal/goexperiment/exp_rangefunc_off.go /home/sketc/.g/go/src/internal/goexperiment/exp_regabiargs_on.go /home/sketc/.g/go/src/internal/goexperiment/exp_regabiwrappers_on.go /home/sketc/.g/go/src/internal/goexperiment/exp_staticlockranking_off.go /home/sketc/.g/go/src/internal/goexperiment/exp_swissmap_on.go /home/sketc/.g/go/src/internal/goexperiment/exp_synchashtriemap_on.go /home/sketc/.g/go/src/internal/goexperiment/exp_synctest_off.go /home/sketc/.g/go/src/internal/goexperiment/flags.go
cp $WORK/b014/_pkg_.a /home/sketc/.cache/go-build/92/92205522eecbbc131307e78f46b4a53f32642afc02f26eec49b80b7b0b5521a4-d # internal
internal/goos
mkdir -p $WORK/b017/
echo '# import config' > $WORK/b017/importcfg # internal
/home/sketc/.g/go/pkg/tool/linux_arm64/compile -o $WORK/b017/_pkg_.a -trimpath "$WORK/b017=>" -p internal/goos -lang=go1.25 -std -complete -buildid 35Qv_mJgHhoiQ8he0PpQ/35Qv_mJgHhoiQ8he0PpQ -goversion go1.25.9 -c=4 -nolocalimports -importcfg $WORK/b017/importcfg -pack /home/sketc/.g/go/src/internal/goos/goos.go /home/sketc/.g/go/src/internal/goos/unix.go /home/sketc/.g/go/src/internal/goos/zgoos_linux.go
go tool buildid -w $WORK/b016/_pkg_.a # internal
cp $WORK/b016/_pkg_.a /home/sketc/.cache/go-build/e2/e2233e747d3f9b1104986fd6d3bfce1acd6e2ae4eabd375bb3ecefd9efb04a24-d # internal
internal/profilerecord
mkdir -p $WORK/b018/
echo '# import config' > $WORK/b018/importcfg # internal
/home/sketc/.g/go/pkg/tool/linux_arm64/compile -o $WORK/b018/_pkg_.a -trimpath "$WORK/b018=>" -p internal/profilerecord -lang=go1.25 -std -complete -buildid JQl0DhvCtZZ6fm8-9del/JQl0DhvCtZZ6fm8-9del -goversion go1.25.9 -c=4 -nolocalimports -importcfg $WORK/b018/importcfg -pack /home/sketc/.g/go/src/internal/profilerecord/profilerecord.go
cd /home/sketc/.g/go/src/internal/cpu
/home/sketc/.g/go/pkg/tool/linux_arm64/asm -p internal/cpu -trimpath "$WORK/b011=>" -I $WORK/b011/ -I /home/sketc/.g/go/pkg/include -D GOOS_linux -D GOARCH_arm64 -o $WORK/b011/cpu.o ./cpu.s
/home/sketc/.g/go/pkg/tool/linux_arm64/asm -p internal/cpu -trimpath "$WORK/b011=>" -I $WORK/b011/ -I /home/sketc/.g/go/pkg/include -D GOOS_linux -D GOARCH_arm64 -o $WORK/b011/cpu_arm64.o ./cpu_arm64.s
go tool buildid -w $WORK/b018/_pkg_.a # internal
cp $WORK/b018/_pkg_.a /home/sketc/.cache/go-build/3a/3a087033afc6851cbe50744916caaf4c6cb422f8caa7c64d4bb15791672a4e10-d # internal
internal/runtime/math
mkdir -p $WORK/b022/
cat >/tmp/go-build4245046153/b022/importcfg << 'EOF' # internal
# import config
packagefile internal/goarch=/tmp/go-build4245046153/b006/_pkg_.a
EOF
cd /home/sketc/workspace/go-progect/sysint
/home/sketc/.g/go/pkg/tool/linux_arm64/compile -o $WORK/b022/_pkg_.a -trimpath "$WORK/b022=>" -p internal/runtime/math -lang=go1.25 -std -complete -buildid GLN8-WziwpmvLAbz44cd/GLN8-WziwpmvLAbz44cd -goversion go1.25.9 -c=4 -nolocalimports -importcfg $WORK/b022/importcfg -pack /home/sketc/.g/go/src/internal/runtime/math/math.go
go tool buildid -w $WORK/b017/_pkg_.a # internal
cd /home/sketc/.g/go/src/internal/cpu
go tool pack r $WORK/b011/_pkg_.a $WORK/b011/cpu.o $WORK/b011/cpu_arm64.o # internal
go tool buildid -w $WORK/b011/_pkg_.a # internal
cp $WORK/b017/_pkg_.a /home/sketc/.cache/go-build/b9/b92d474943023806f0a6c9a394f6d2137bbda47415025a4f8cb01b3215d59d66-d # internal
cp $WORK/b011/_pkg_.a /home/sketc/.cache/go-build/5f/5fb105e76a5da4859c99c7ed19c837f1f4b8769188a8e45a3fccb175f29a5c91-d # internal
internal/bytealg
mkdir -p $WORK/b010/
echo -n > $WORK/b010/go_asm.h # internal
cd /home/sketc/.g/go/src/internal/bytealg
/home/sketc/.g/go/pkg/tool/linux_arm64/asm -p internal/bytealg -trimpath "$WORK/b010=>" -I $WORK/b010/ -I /home/sketc/.g/go/pkg/include -D GOOS_linux -D GOARCH_arm64 -gensymabis -o $WORK/b010/symabis ./compare_arm64.s ./count_arm64.s ./equal_arm64.s ./index_arm64.s ./indexbyte_arm64.s
internal/runtime/syscall
mkdir -p $WORK/b023/
echo -n > $WORK/b023/go_asm.h # internal
cd /home/sketc/.g/go/src/internal/runtime/syscall
/home/sketc/.g/go/pkg/tool/linux_arm64/asm -p internal/runtime/syscall -trimpath "$WORK/b023=>" -I $WORK/b023/ -I /home/sketc/.g/go/pkg/include -D GOOS_linux -D GOARCH_arm64 -gensymabis -o $WORK/b023/symabis ./asm_linux_arm64.s
cat >/tmp/go-build4245046153/b010/importcfg << 'EOF' # internal
# import config
packagefile internal/cpu=/tmp/go-build4245046153/b011/_pkg_.a
EOF
cd /home/sketc/workspace/go-progect/sysint
/home/sketc/.g/go/pkg/tool/linux_arm64/compile -o $WORK/b010/_pkg_.a -trimpath "$WORK/b010=>" -p internal/bytealg -lang=go1.25 -std -buildid YvoPisv4etuEC_gHWvxQ/YvoPisv4etuEC_gHWvxQ -goversion go1.25.9 -symabis $WORK/b010/symabis -c=4 -nolocalimports -importcfg $WORK/b010/importcfg -pack -asmhdr $WORK/b010/go_asm.h /home/sketc/.g/go/src/internal/bytealg/bytealg.go /home/sketc/.g/go/src/internal/bytealg/compare_native.go /home/sketc/.g/go/src/internal/bytealg/count_native.go /home/sketc/.g/go/src/internal/bytealg/equal_generic.go /home/sketc/.g/go/src/internal/bytealg/equal_native.go /home/sketc/.g/go/src/internal/bytealg/index_arm64.go /home/sketc/.g/go/src/internal/bytealg/index_native.go /home/sketc/.g/go/src/internal/bytealg/indexbyte_native.go /home/sketc/.g/go/src/internal/bytealg/lastindexbyte_generic.go
cat >/tmp/go-build4245046153/b023/importcfg << 'EOF' # internal
# import config
packagefile internal/goarch=/tmp/go-build4245046153/b006/_pkg_.a
EOF
/home/sketc/.g/go/pkg/tool/linux_arm64/compile -o $WORK/b023/_pkg_.a -trimpath "$WORK/b023=>" -p internal/runtime/syscall -lang=go1.25 -std -buildid J7gok72vkKEY1Sve85kt/J7gok72vkKEY1Sve85kt -goversion go1.25.9 -symabis $WORK/b023/symabis -c=4 -nolocalimports -importcfg $WORK/b023/importcfg -pack -asmhdr $WORK/b023/go_asm.h /home/sketc/.g/go/src/internal/runtime/syscall/defs_linux.go /home/sketc/.g/go/src/internal/runtime/syscall/defs_linux_arm64.go /home/sketc/.g/go/src/internal/runtime/syscall/syscall_linux.go
go tool buildid -w $WORK/b022/_pkg_.a # internal
cp $WORK/b022/_pkg_.a /home/sketc/.cache/go-build/6b/6b4c7cc6ccdaff474292e8b0baf3c13d22429916593134526e466b7b26c93e3d-d # internal
internal/chacha8rand
mkdir -p $WORK/b013/
echo -n > $WORK/b013/go_asm.h # internal
cd /home/sketc/.g/go/src/internal/chacha8rand
/home/sketc/.g/go/pkg/tool/linux_arm64/asm -p internal/chacha8rand -trimpath "$WORK/b013=>" -I $WORK/b013/ -I /home/sketc/.g/go/pkg/include -D GOOS_linux -D GOARCH_arm64 -gensymabis -o $WORK/b013/symabis ./chacha8_arm64.s
cat >/tmp/go-build4245046153/b013/importcfg << 'EOF' # internal
# import config
packagefile internal/byteorder=/tmp/go-build4245046153/b012/_pkg_.a
packagefile internal/cpu=/tmp/go-build4245046153/b011/_pkg_.a
packagefile internal/goarch=/tmp/go-build4245046153/b006/_pkg_.a
EOF
cd /home/sketc/workspace/go-progect/sysint
/home/sketc/.g/go/pkg/tool/linux_arm64/compile -o $WORK/b013/_pkg_.a -trimpath "$WORK/b013=>" -p internal/chacha8rand -lang=go1.25 -std -buildid PKMB_00wup1E5MqCkrVM/PKMB_00wup1E5MqCkrVM -goversion go1.25.9 -symabis $WORK/b013/symabis -c=4 -nolocalimports -importcfg $WORK/b013/importcfg -pack -asmhdr $WORK/b013/go_asm.h /home/sketc/.g/go/src/internal/chacha8rand/chacha8.go /home/sketc/.g/go/src/internal/chacha8rand/chacha8_generic.go
cd /home/sketc/.g/go/src/internal/bytealg
/home/sketc/.g/go/pkg/tool/linux_arm64/asm -p internal/bytealg -trimpath "$WORK/b010=>" -I $WORK/b010/ -I /home/sketc/.g/go/pkg/include -D GOOS_linux -D GOARCH_arm64 -o $WORK/b010/compare_arm64.o ./compare_arm64.s
/home/sketc/.g/go/pkg/tool/linux_arm64/asm -p internal/bytealg -trimpath "$WORK/b010=>" -I $WORK/b010/ -I /home/sketc/.g/go/pkg/include -D GOOS_linux -D GOARCH_arm64 -o $WORK/b010/count_arm64.o ./count_arm64.s
cd /home/sketc/.g/go/src/internal/runtime/syscall
/home/sketc/.g/go/pkg/tool/linux_arm64/asm -p internal/runtime/syscall -trimpath "$WORK/b023=>" -I $WORK/b023/ -I /home/sketc/.g/go/pkg/include -D GOOS_linux -D GOARCH_arm64 -o $WORK/b023/asm_linux_arm64.o ./asm_linux_arm64.s
cd /home/sketc/.g/go/src/internal/bytealg
/home/sketc/.g/go/pkg/tool/linux_arm64/asm -p internal/bytealg -trimpath "$WORK/b010=>" -I $WORK/b010/ -I /home/sketc/.g/go/pkg/include -D GOOS_linux -D GOARCH_arm64 -o $WORK/b010/equal_arm64.o ./equal_arm64.s
cd /home/sketc/.g/go/src/internal/runtime/syscall
go tool pack r $WORK/b023/_pkg_.a $WORK/b023/asm_linux_arm64.o # internal
go tool buildid -w $WORK/b023/_pkg_.a # internal
cp $WORK/b023/_pkg_.a /home/sketc/.cache/go-build/9c/9ce8d5012a25f27b632c6ce9362ed8973a10b020849d993e81ea281ec653965d-d # internal
internal/runtime/atomic
mkdir -p $WORK/b019/
echo -n > $WORK/b019/go_asm.h # internal
cd /home/sketc/.g/go/src/internal/runtime/atomic
/home/sketc/.g/go/pkg/tool/linux_arm64/asm -p internal/runtime/atomic -trimpath "$WORK/b019=>" -I $WORK/b019/ -I /home/sketc/.g/go/pkg/include -D GOOS_linux -D GOARCH_arm64 -gensymabis -o $WORK/b019/symabis ./atomic_arm64.s
cd /home/sketc/.g/go/src/internal/bytealg
/home/sketc/.g/go/pkg/tool/linux_arm64/asm -p internal/bytealg -trimpath "$WORK/b010=>" -I $WORK/b010/ -I /home/sketc/.g/go/pkg/include -D GOOS_linux -D GOARCH_arm64 -o $WORK/b010/index_arm64.o ./index_arm64.s
cat >/tmp/go-build4245046153/b019/importcfg << 'EOF' # internal
# import config
packagefile internal/cpu=/tmp/go-build4245046153/b011/_pkg_.a
packagefile internal/goarch=/tmp/go-build4245046153/b006/_pkg_.a
EOF
cd /home/sketc/workspace/go-progect/sysint
/home/sketc/.g/go/pkg/tool/linux_arm64/compile -o $WORK/b019/_pkg_.a -trimpath "$WORK/b019=>" -p internal/runtime/atomic -lang=go1.25 -std -buildid VzZX2TY5QAOWpAVA5qoO/VzZX2TY5QAOWpAVA5qoO -goversion go1.25.9 -symabis $WORK/b019/symabis -c=4 -nolocalimports -importcfg $WORK/b019/importcfg -pack -asmhdr $WORK/b019/go_asm.h /home/sketc/.g/go/src/internal/runtime/atomic/atomic_arm64.go /home/sketc/.g/go/src/internal/runtime/atomic/doc.go /home/sketc/.g/go/src/internal/runtime/atomic/stubs.go /home/sketc/.g/go/src/internal/runtime/atomic/types.go /home/sketc/.g/go/src/internal/runtime/atomic/types_64bit.go /home/sketc/.g/go/src/internal/runtime/atomic/unaligned.go /home/sketc/.g/go/src/internal/runtime/atomic/xchg8.go
cd /home/sketc/.g/go/src/internal/bytealg
/home/sketc/.g/go/pkg/tool/linux_arm64/asm -p internal/bytealg -trimpath "$WORK/b010=>" -I $WORK/b010/ -I /home/sketc/.g/go/pkg/include -D GOOS_linux -D GOARCH_arm64 -o $WORK/b010/indexbyte_arm64.o ./indexbyte_arm64.s
go tool pack r $WORK/b010/_pkg_.a $WORK/b010/compare_arm64.o $WORK/b010/count_arm64.o $WORK/b010/equal_arm64.o $WORK/b010/index_arm64.o $WORK/b010/indexbyte_arm64.o # internal
go tool buildid -w $WORK/b010/_pkg_.a # internal
cp $WORK/b010/_pkg_.a /home/sketc/.cache/go-build/20/2054e58b6b55335f6a265e11a40168fa5b70addcf6700c4dde9427e2dba5f4d0-d # internal
internal/runtime/strconv
mkdir -p $WORK/b021/
cat >/tmp/go-build4245046153/b021/importcfg << 'EOF' # internal
# import config
packagefile internal/runtime/math=/tmp/go-build4245046153/b022/_pkg_.a
EOF
cd /home/sketc/workspace/go-progect/sysint
/home/sketc/.g/go/pkg/tool/linux_arm64/compile -o $WORK/b021/_pkg_.a -trimpath "$WORK/b021=>" -p internal/runtime/strconv -lang=go1.25 -std -complete -buildid MP1nK4scZFotFY3qA9sH/MP1nK4scZFotFY3qA9sH -goversion go1.25.9 -c=4 -nolocalimports -importcfg $WORK/b021/importcfg -pack /home/sketc/.g/go/src/internal/runtime/strconv/atoi.go
cd /home/sketc/.g/go/src/internal/chacha8rand
/home/sketc/.g/go/pkg/tool/linux_arm64/asm -p internal/chacha8rand -trimpath "$WORK/b013=>" -I $WORK/b013/ -I /home/sketc/.g/go/pkg/include -D GOOS_linux -D GOARCH_arm64 -o $WORK/b013/chacha8_arm64.o ./chacha8_arm64.s
go tool pack r $WORK/b013/_pkg_.a $WORK/b013/chacha8_arm64.o # internal
go tool buildid -w $WORK/b013/_pkg_.a # internal
cp $WORK/b013/_pkg_.a /home/sketc/.cache/go-build/68/680111e1cdbd8d1bbaaa92691aa78cda62e9c0063a853e33f796325a92823914-d # internal
internal/runtime/gc
mkdir -p $WORK/b025/
cat >/tmp/go-build4245046153/b025/importcfg << 'EOF' # internal
# import config
packagefile internal/goarch=/tmp/go-build4245046153/b006/_pkg_.a
EOF
cd /home/sketc/workspace/go-progect/sysint
/home/sketc/.g/go/pkg/tool/linux_arm64/compile -o $WORK/b025/_pkg_.a -trimpath "$WORK/b025=>" -p internal/runtime/gc -lang=go1.25 -std -complete -buildid O63obr8Zx15FvLGDWw2P/O63obr8Zx15FvLGDWw2P -goversion go1.25.9 -c=4 -nolocalimports -importcfg $WORK/b025/importcfg -pack /home/sketc/.g/go/src/internal/runtime/gc/malloc.go /home/sketc/.g/go/src/internal/runtime/gc/scan.go /home/sketc/.g/go/src/internal/runtime/gc/sizeclasses.go
cd /home/sketc/.g/go/src/internal/runtime/atomic
/home/sketc/.g/go/pkg/tool/linux_arm64/asm -p internal/runtime/atomic -trimpath "$WORK/b019=>" -I $WORK/b019/ -I /home/sketc/.g/go/pkg/include -D GOOS_linux -D GOARCH_arm64 -o $WORK/b019/atomic_arm64.o ./atomic_arm64.s
go tool pack r $WORK/b019/_pkg_.a $WORK/b019/atomic_arm64.o # internal
go tool buildid -w $WORK/b019/_pkg_.a # internal
cp $WORK/b019/_pkg_.a /home/sketc/.cache/go-build/76/76ff5abbdf9e086ac8a0fd425a3be2ac8364d2d60dbd9a6c28e9f117b1a3b45c-d # internal
internal/runtime/exithook
mkdir -p $WORK/b024/
cat >/tmp/go-build4245046153/b024/importcfg << 'EOF' # internal
# import config
packagefile internal/runtime/atomic=/tmp/go-build4245046153/b019/_pkg_.a
EOF
cd /home/sketc/workspace/go-progect/sysint
/home/sketc/.g/go/pkg/tool/linux_arm64/compile -o $WORK/b024/_pkg_.a -trimpath "$WORK/b024=>" -p internal/runtime/exithook -lang=go1.25 -std -complete -buildid pvqFMbEM7Pi7qcL17qTt/pvqFMbEM7Pi7qcL17qTt -goversion go1.25.9 -c=4 -nolocalimports -importcfg $WORK/b024/importcfg -pack /home/sketc/.g/go/src/internal/runtime/exithook/hooks.go
go tool buildid -w $WORK/b021/_pkg_.a # internal
cp $WORK/b021/_pkg_.a /home/sketc/.cache/go-build/24/24edcf2af77d7052e44be328dfb1859cc650c941da2792fe9bc32d34ccd42dac-d # internal
internal/runtime/cgroup
mkdir -p $WORK/b020/
cat >/tmp/go-build4245046153/b020/importcfg << 'EOF' # internal
# import config
packagefile internal/bytealg=/tmp/go-build4245046153/b010/_pkg_.a
packagefile internal/runtime/strconv=/tmp/go-build4245046153/b021/_pkg_.a
packagefile internal/runtime/syscall=/tmp/go-build4245046153/b023/_pkg_.a
EOF
/home/sketc/.g/go/pkg/tool/linux_arm64/compile -o $WORK/b020/_pkg_.a -trimpath "$WORK/b020=>" -p internal/runtime/cgroup -lang=go1.25 -std -complete -buildid QxUZWuMHlQ-N2PV8dq_A/QxUZWuMHlQ-N2PV8dq_A -goversion go1.25.9 -c=4 -nolocalimports -importcfg $WORK/b020/importcfg -pack /home/sketc/.g/go/src/internal/runtime/cgroup/cgroup_linux.go /home/sketc/.g/go/src/internal/runtime/cgroup/line_reader.go /home/sketc/.g/go/src/internal/runtime/cgroup/runtime.go
go tool buildid -w $WORK/b025/_pkg_.a # internal
cp $WORK/b025/_pkg_.a /home/sketc/.cache/go-build/ba/ba34956f4a874c2b6386f54406c5c62c47944587881a1434778c8e18c72d28cf-d # internal
internal/asan
mkdir -p $WORK/b027/
echo '# import config' > $WORK/b027/importcfg # internal
/home/sketc/.g/go/pkg/tool/linux_arm64/compile -o $WORK/b027/_pkg_.a -trimpath "$WORK/b027=>" -p internal/asan -lang=go1.25 -std -complete -buildid i7N0vUO45o_lKWKUCS9U/i7N0vUO45o_lKWKUCS9U -goversion go1.25.9 -c=4 -nolocalimports -importcfg $WORK/b027/importcfg -pack /home/sketc/.g/go/src/internal/asan/doc.go /home/sketc/.g/go/src/internal/asan/noasan.go
go tool buildid -w $WORK/b027/_pkg_.a # internal
cp $WORK/b027/_pkg_.a /home/sketc/.cache/go-build/5f/5fc6d2e9284014e3d5db2979bd36fa6762df4c5469865398eef13465308f51d1-d # internal
internal/msan
mkdir -p $WORK/b028/
echo '# import config' > $WORK/b028/importcfg # internal
/home/sketc/.g/go/pkg/tool/linux_arm64/compile -o $WORK/b028/_pkg_.a -trimpath "$WORK/b028=>" -p internal/msan -lang=go1.25 -std -complete -buildid 5mD7R7ESIFAu5ZlMa2OG/5mD7R7ESIFAu5ZlMa2OG -goversion go1.25.9 -c=4 -nolocalimports -importcfg $WORK/b028/importcfg -pack /home/sketc/.g/go/src/internal/msan/doc.go /home/sketc/.g/go/src/internal/msan/nomsan.go
go tool buildid -w $WORK/b024/_pkg_.a # internal
cp $WORK/b024/_pkg_.a /home/sketc/.cache/go-build/3e/3e747ce318da95a261c25c972c73ad02bcf1be363e026890e41a7c35be767ec9-d # internal
internal/runtime/sys
mkdir -p $WORK/b030/
echo -n > $WORK/b030/go_asm.h # internal
cd /home/sketc/.g/go/src/internal/runtime/sys
/home/sketc/.g/go/pkg/tool/linux_arm64/asm -p internal/runtime/sys -trimpath "$WORK/b030=>" -I $WORK/b030/ -I /home/sketc/.g/go/pkg/include -D GOOS_linux -D GOARCH_arm64 -gensymabis -o $WORK/b030/symabis ./dit_arm64.s ./empty.s
cd /home/sketc/.g/go/src/internal/abi
/home/sketc/.g/go/pkg/tool/linux_arm64/asm -p internal/abi -trimpath "$WORK/b005=>" -I $WORK/b005/ -I /home/sketc/.g/go/pkg/include -D GOOS_linux -D GOARCH_arm64 -o $WORK/b005/abi_test.o ./abi_test.s
go tool buildid -w $WORK/b028/_pkg_.a # internal
cp $WORK/b028/_pkg_.a /home/sketc/.cache/go-build/4a/4a5a4dc2035f6931cff108b8d57a815a5fcf60d116b80509c3bc84b6264e6081-d # internal
internal/stringslite
mkdir -p $WORK/b031/
cat >/tmp/go-build4245046153/b031/importcfg << 'EOF' # internal
# import config
packagefile internal/bytealg=/tmp/go-build4245046153/b010/_pkg_.a
EOF
cd /home/sketc/workspace/go-progect/sysint
/home/sketc/.g/go/pkg/tool/linux_arm64/compile -o $WORK/b031/_pkg_.a -trimpath "$WORK/b031=>" -p internal/stringslite -lang=go1.25 -std -complete -buildid D3hKMmsfUDhuQEmJ_-bm/D3hKMmsfUDhuQEmJ_-bm -goversion go1.25.9 -c=4 -nolocalimports -importcfg $WORK/b031/importcfg -pack /home/sketc/.g/go/src/internal/stringslite/strings.go
go tool buildid -w $WORK/b020/_pkg_.a # internal
cat >/tmp/go-build4245046153/b030/importcfg << 'EOF' # internal
# import config
packagefile internal/cpu=/tmp/go-build4245046153/b011/_pkg_.a
packagefile internal/goarch=/tmp/go-build4245046153/b006/_pkg_.a
packagefile internal/goos=/tmp/go-build4245046153/b017/_pkg_.a
EOF
/home/sketc/.g/go/pkg/tool/linux_arm64/compile -o $WORK/b030/_pkg_.a -trimpath "$WORK/b030=>" -p internal/runtime/sys -lang=go1.25 -std -buildid o-QyRhhdES234hYuIqcT/o-QyRhhdES234hYuIqcT -goversion go1.25.9 -symabis $WORK/b030/symabis -c=4 -nolocalimports -importcfg $WORK/b030/importcfg -pack -asmhdr $WORK/b030/go_asm.h /home/sketc/.g/go/src/internal/runtime/sys/consts.go /home/sketc/.g/go/src/internal/runtime/sys/consts_norace.go /home/sketc/.g/go/src/internal/runtime/sys/dit_arm64.go /home/sketc/.g/go/src/internal/runtime/sys/intrinsics.go /home/sketc/.g/go/src/internal/runtime/sys/nih.go /home/sketc/.g/go/src/internal/runtime/sys/sys.go /home/sketc/.g/go/src/internal/runtime/sys/zversion.go
cd /home/sketc/.g/go/src/internal/abi
/home/sketc/.g/go/pkg/tool/linux_arm64/asm -p internal/abi -trimpath "$WORK/b005=>" -I $WORK/b005/ -I /home/sketc/.g/go/pkg/include -D GOOS_linux -D GOARCH_arm64 -o $WORK/b005/stub.o ./stub.s
cp $WORK/b020/_pkg_.a /home/sketc/.cache/go-build/69/6921ef8713e22ba0a4b822edc6db5a68e3451f1a186ee5b7b0dc2799adb82b42-d # internal
internal/trace/tracev2
mkdir -p $WORK/b032/
echo '# import config' > $WORK/b032/importcfg # internal
cd /home/sketc/workspace/go-progect/sysint
/home/sketc/.g/go/pkg/tool/linux_arm64/compile -o $WORK/b032/_pkg_.a -trimpath "$WORK/b032=>" -p internal/trace/tracev2 -lang=go1.25 -std -complete -buildid gVPQLavlXi8F0Tdne3hW/gVPQLavlXi8F0Tdne3hW -goversion go1.25.9 -c=4 -nolocalimports -importcfg $WORK/b032/importcfg -pack /home/sketc/.g/go/src/internal/trace/tracev2/doc.go /home/sketc/.g/go/src/internal/trace/tracev2/events.go /home/sketc/.g/go/src/internal/trace/tracev2/spec.go
cd /home/sketc/.g/go/src/internal/abi
go tool pack r $WORK/b005/_pkg_.a $WORK/b005/abi_test.o $WORK/b005/stub.o # internal
go tool buildid -w $WORK/b005/_pkg_.a # internal
cp $WORK/b005/_pkg_.a /home/sketc/.cache/go-build/26/263beab5a51b6286c305f3029d9f73bd7681d770aaa8eb80bbe8b25a0e2834f8-d # internal
internal/race
mkdir -p $WORK/b029/
cat >/tmp/go-build4245046153/b029/importcfg << 'EOF' # internal
# import config
packagefile internal/abi=/tmp/go-build4245046153/b005/_pkg_.a
EOF
cd /home/sketc/workspace/go-progect/sysint
/home/sketc/.g/go/pkg/tool/linux_arm64/compile -o $WORK/b029/_pkg_.a -trimpath "$WORK/b029=>" -p internal/race -lang=go1.25 -std -complete -buildid gpmged5wpuQ04GEVoKDV/gpmged5wpuQ04GEVoKDV -goversion go1.25.9 -c=4 -nolocalimports -importcfg $WORK/b029/importcfg -pack /home/sketc/.g/go/src/internal/race/doc.go /home/sketc/.g/go/src/internal/race/norace.go
cd /home/sketc/.g/go/src/internal/runtime/sys
/home/sketc/.g/go/pkg/tool/linux_arm64/asm -p internal/runtime/sys -trimpath "$WORK/b030=>" -I $WORK/b030/ -I /home/sketc/.g/go/pkg/include -D GOOS_linux -D GOARCH_arm64 -o $WORK/b030/dit_arm64.o ./dit_arm64.s
go tool buildid -w $WORK/b031/_pkg_.a # internal
cp $WORK/b031/_pkg_.a /home/sketc/.cache/go-build/f1/f1ec19ab7ecca1fe2193d7ebad7e9bb45dc6647de0aa46d8ebcb4a1899158f72-d # internal
cmp
mkdir -p $WORK/b034/
echo '# import config' > $WORK/b034/importcfg # internal
cd /home/sketc/workspace/go-progect/sysint
/home/sketc/.g/go/pkg/tool/linux_arm64/compile -o $WORK/b034/_pkg_.a -trimpath "$WORK/b034=>" -p cmp -lang=go1.25 -std -complete -buildid NCHwZvMdL2EIZLvC1JwB/NCHwZvMdL2EIZLvC1JwB -goversion go1.25.9 -c=4 -nolocalimports -importcfg $WORK/b034/importcfg -pack /home/sketc/.g/go/src/cmp/cmp.go
go tool buildid -w $WORK/b029/_pkg_.a # internal
cp $WORK/b029/_pkg_.a /home/sketc/.cache/go-build/4b/4ba7c62b8828d1518d87010dbe46a40746d2c524f7368a6869dcd6fd3faa3b12-d # internal
internal/itoa
mkdir -p $WORK/b036/
echo '# import config' > $WORK/b036/importcfg # internal
/home/sketc/.g/go/pkg/tool/linux_arm64/compile -o $WORK/b036/_pkg_.a -trimpath "$WORK/b036=>" -p internal/itoa -lang=go1.25 -std -complete -buildid lNfI02E0gDBDW9ZdX36W/lNfI02E0gDBDW9ZdX36W -goversion go1.25.9 -c=4 -nolocalimports -importcfg $WORK/b036/importcfg -pack /home/sketc/.g/go/src/internal/itoa/itoa.go
go tool buildid -w $WORK/b032/_pkg_.a # internal
cd /home/sketc/.g/go/src/internal/runtime/sys
/home/sketc/.g/go/pkg/tool/linux_arm64/asm -p internal/runtime/sys -trimpath "$WORK/b030=>" -I $WORK/b030/ -I /home/sketc/.g/go/pkg/include -D GOOS_linux -D GOARCH_arm64 -o $WORK/b030/empty.o ./empty.s
cp $WORK/b032/_pkg_.a /home/sketc/.cache/go-build/04/04407ccf6460fca35194f66ab46ec880307ee41acc2f39ff3c289873e1d2bc6b-d # internal
math/bits
mkdir -p $WORK/b039/
echo '# import config' > $WORK/b039/importcfg # internal
cd /home/sketc/workspace/go-progect/sysint
/home/sketc/.g/go/pkg/tool/linux_arm64/compile -o $WORK/b039/_pkg_.a -trimpath "$WORK/b039=>" -p math/bits -lang=go1.25 -std -complete -buildid 7enuKuEnWZIcmNbKFtDp/7enuKuEnWZIcmNbKFtDp -goversion go1.25.9 -c=4 -nolocalimports -importcfg $WORK/b039/importcfg -pack /home/sketc/.g/go/src/math/bits/bits.go /home/sketc/.g/go/src/math/bits/bits_errors.go /home/sketc/.g/go/src/math/bits/bits_tables.go
cd /home/sketc/.g/go/src/internal/runtime/sys
go tool pack r $WORK/b030/_pkg_.a $WORK/b030/dit_arm64.o $WORK/b030/empty.o # internal
go tool buildid -w $WORK/b030/_pkg_.a # internal
go tool buildid -w $WORK/b034/_pkg_.a # internal
cp $WORK/b030/_pkg_.a /home/sketc/.cache/go-build/dd/dd53ec28fc4d003a070b4fd91aa7eb1d2b04aa40c3da6580034e3693446cd3a0-d # internal
cp $WORK/b034/_pkg_.a /home/sketc/.cache/go-build/ac/ac258f4db98a1778665174119b16a1601e262c77df27f7f258a182cdcc3ed42c-d # internal
unicode/utf8
mkdir -p $WORK/b041/
echo '# import config' > $WORK/b041/importcfg # internal
cd /home/sketc/workspace/go-progect/sysint
/home/sketc/.g/go/pkg/tool/linux_arm64/compile -o $WORK/b041/_pkg_.a -trimpath "$WORK/b041=>" -p unicode/utf8 -lang=go1.25 -std -complete -buildid CKSICa1ce7ra3hpSUFUd/CKSICa1ce7ra3hpSUFUd -goversion go1.25.9 -c=4 -nolocalimports -importcfg $WORK/b041/importcfg -pack /home/sketc/.g/go/src/unicode/utf8/utf8.go
internal/runtime/maps
mkdir -p $WORK/b026/
cat >/tmp/go-build4245046153/b026/importcfg << 'EOF' # internal
# import config
packagefile internal/abi=/tmp/go-build4245046153/b005/_pkg_.a
packagefile internal/asan=/tmp/go-build4245046153/b027/_pkg_.a
packagefile internal/goarch=/tmp/go-build4245046153/b006/_pkg_.a
packagefile internal/msan=/tmp/go-build4245046153/b028/_pkg_.a
packagefile internal/race=/tmp/go-build4245046153/b029/_pkg_.a
packagefile internal/runtime/math=/tmp/go-build4245046153/b022/_pkg_.a
packagefile internal/runtime/sys=/tmp/go-build4245046153/b030/_pkg_.a
EOF
/home/sketc/.g/go/pkg/tool/linux_arm64/compile -o $WORK/b026/_pkg_.a -trimpath "$WORK/b026=>" -p internal/runtime/maps -lang=go1.25 -std -complete -buildid rGIF0chKObD1KXP8ANVt/rGIF0chKObD1KXP8ANVt -goversion go1.25.9 -c=4 -nolocalimports -importcfg $WORK/b026/importcfg -pack /home/sketc/.g/go/src/internal/runtime/maps/group.go /home/sketc/.g/go/src/internal/runtime/maps/map.go /home/sketc/.g/go/src/internal/runtime/maps/runtime.go /home/sketc/.g/go/src/internal/runtime/maps/runtime_fast32_swiss.go /home/sketc/.g/go/src/internal/runtime/maps/runtime_fast64_swiss.go /home/sketc/.g/go/src/internal/runtime/maps/runtime_faststr_swiss.go /home/sketc/.g/go/src/internal/runtime/maps/runtime_swiss.go /home/sketc/.g/go/src/internal/runtime/maps/table.go /home/sketc/.g/go/src/internal/runtime/maps/table_debug.go
go tool buildid -w $WORK/b036/_pkg_.a # internal
cp $WORK/b036/_pkg_.a /home/sketc/.cache/go-build/fb/fbdc79e7667cb25ec00317354dba56ac6037da9df568640164dfeadd50df92e2-d # internal
sync/atomic
mkdir -p $WORK/b044/
echo -n > $WORK/b044/go_asm.h # internal
cd /home/sketc/.g/go/src/sync/atomic
/home/sketc/.g/go/pkg/tool/linux_arm64/asm -p sync/atomic -trimpath "$WORK/b044=>" -I $WORK/b044/ -I /home/sketc/.g/go/pkg/include -D GOOS_linux -D GOARCH_arm64 -gensymabis -o $WORK/b044/symabis ./asm.s
echo '# import config' > $WORK/b044/importcfg # internal
cd /home/sketc/workspace/go-progect/sysint
/home/sketc/.g/go/pkg/tool/linux_arm64/compile -o $WORK/b044/_pkg_.a -trimpath "$WORK/b044=>" -p sync/atomic -lang=go1.25 -std -buildid SWw2atpjYYe8Nq3VEHci/SWw2atpjYYe8Nq3VEHci -goversion go1.25.9 -symabis $WORK/b044/symabis -c=4 -nolocalimports -importcfg $WORK/b044/importcfg -pack -asmhdr $WORK/b044/go_asm.h /home/sketc/.g/go/src/sync/atomic/doc.go /home/sketc/.g/go/src/sync/atomic/doc_64.go /home/sketc/.g/go/src/sync/atomic/type.go /home/sketc/.g/go/src/sync/atomic/value.go
go tool buildid -w $WORK/b039/_pkg_.a # internal
cp $WORK/b039/_pkg_.a /home/sketc/.cache/go-build/26/26728186093287853175ed4014ad87f50d922980dcfdc65f48439ed701dbf096-d # internal
go tool buildid -w $WORK/b041/_pkg_.a # internal
cp $WORK/b041/_pkg_.a /home/sketc/.cache/go-build/7a/7a40e2c07a4fdc36f63d1828e106cd18e9f65333e51ddc958392a9c0001f6c59-d # internal
internal/synctest
mkdir -p $WORK/b045/
math
mkdir -p $WORK/b038/
echo -n > $WORK/b038/go_asm.h # internal
cd /home/sketc/.g/go/src/math
/home/sketc/.g/go/pkg/tool/linux_arm64/asm -p math -trimpath "$WORK/b038=>" -I $WORK/b038/ -I /home/sketc/.g/go/pkg/include -D GOOS_linux -D GOARCH_arm64 -gensymabis -o $WORK/b038/symabis ./dim_arm64.s ./exp_arm64.s ./floor_arm64.s ./modf_arm64.s
cat >/tmp/go-build4245046153/b045/importcfg << 'EOF' # internal
# import config
packagefile internal/abi=/tmp/go-build4245046153/b005/_pkg_.a
EOF
cd /home/sketc/workspace/go-progect/sysint
/home/sketc/.g/go/pkg/tool/linux_arm64/compile -o $WORK/b045/_pkg_.a -trimpath "$WORK/b045=>" -p internal/synctest -lang=go1.25 -std -complete -buildid LHQQkAMBbQQ8KnOj7S_Y/LHQQkAMBbQQ8KnOj7S_Y -goversion go1.25.9 -c=4 -nolocalimports -importcfg $WORK/b045/importcfg -pack /home/sketc/.g/go/src/internal/synctest/synctest.go
go tool buildid -w $WORK/b045/_pkg_.a # internal
cp $WORK/b045/_pkg_.a /home/sketc/.cache/go-build/92/9218ecdf575019ee7c7e4c21d261c6cc990af8a42a40615a67934d7c580e3d1e-d # internal
unicode
mkdir -p $WORK/b046/
cat >/tmp/go-build4245046153/b038/importcfg << 'EOF' # internal
# import config
packagefile math/bits=/tmp/go-build4245046153/b039/_pkg_.a
EOF
/home/sketc/.g/go/pkg/tool/linux_arm64/compile -o $WORK/b038/_pkg_.a -trimpath "$WORK/b038=>" -p math -lang=go1.25 -std -buildid WJcQciwHumymGKe_ai_j/WJcQciwHumymGKe_ai_j -goversion go1.25.9 -symabis $WORK/b038/symabis -c=4 -nolocalimports -importcfg $WORK/b038/importcfg -pack -asmhdr $WORK/b038/go_asm.h /home/sketc/.g/go/src/math/abs.go /home/sketc/.g/go/src/math/acosh.go /home/sketc/.g/go/src/math/asin.go /home/sketc/.g/go/src/math/asinh.go /home/sketc/.g/go/src/math/atan.go /home/sketc/.g/go/src/math/atan2.go /home/sketc/.g/go/src/math/atanh.go /home/sketc/.g/go/src/math/bits.go /home/sketc/.g/go/src/math/cbrt.go /home/sketc/.g/go/src/math/const.go /home/sketc/.g/go/src/math/copysign.go /home/sketc/.g/go/src/math/dim.go /home/sketc/.g/go/src/math/dim_asm.go /home/sketc/.g/go/src/math/erf.go /home/sketc/.g/go/src/math/erfinv.go /home/sketc/.g/go/src/math/exp.go /home/sketc/.g/go/src/math/exp2_asm.go /home/sketc/.g/go/src/math/exp_asm.go /home/sketc/.g/go/src/math/expm1.go /home/sketc/.g/go/src/math/floor.go /home/sketc/.g/go/src/math/floor_asm.go /home/sketc/.g/go/src/math/fma.go /home/sketc/.g/go/src/math/frexp.go /home/sketc/.g/go/src/math/gamma.go /home/sketc/.g/go/src/math/hypot.go /home/sketc/.g/go/src/math/hypot_noasm.go /home/sketc/.g/go/src/math/j0.go /home/sketc/.g/go/src/math/j1.go /home/sketc/.g/go/src/math/jn.go /home/sketc/.g/go/src/math/ldexp.go /home/sketc/.g/go/src/math/lgamma.go /home/sketc/.g/go/src/math/log.go /home/sketc/.g/go/src/math/log10.go /home/sketc/.g/go/src/math/log1p.go /home/sketc/.g/go/src/math/log_stub.go /home/sketc/.g/go/src/math/logb.go /home/sketc/.g/go/src/math/mod.go /home/sketc/.g/go/src/math/modf.go /home/sketc/.g/go/src/math/modf_asm.go /home/sketc/.g/go/src/math/nextafter.go /home/sketc/.g/go/src/math/pow.go /home/sketc/.g/go/src/math/pow10.go /home/sketc/.g/go/src/math/remainder.go /home/sketc/.g/go/src/math/signbit.go /home/sketc/.g/go/src/math/sin.go /home/sketc/.g/go/src/math/sincos.go /home/sketc/.g/go/src/math/sinh.go /home/sketc/.g/go/src/math/sqrt.go /home/sketc/.g/go/src/math/stubs.go /home/sketc/.g/go/src/math/tan.go /home/sketc/.g/go/src/math/tanh.go /home/sketc/.g/go/src/math/trig_reduce.go /home/sketc/.g/go/src/math/unsafe.go
echo '# import config' > $WORK/b046/importcfg # internal
/home/sketc/.g/go/pkg/tool/linux_arm64/compile -o $WORK/b046/_pkg_.a -trimpath "$WORK/b046=>" -p unicode -lang=go1.25 -std -complete -buildid VOMbJUAQO2hhZMo7f7P4/VOMbJUAQO2hhZMo7f7P4 -goversion go1.25.9 -c=4 -nolocalimports -importcfg $WORK/b046/importcfg -pack /home/sketc/.g/go/src/unicode/casetables.go /home/sketc/.g/go/src/unicode/digit.go /home/sketc/.g/go/src/unicode/graphic.go /home/sketc/.g/go/src/unicode/letter.go /home/sketc/.g/go/src/unicode/tables.go
cd /home/sketc/.g/go/src/sync/atomic
/home/sketc/.g/go/pkg/tool/linux_arm64/asm -p sync/atomic -trimpath "$WORK/b044=>" -I $WORK/b044/ -I /home/sketc/.g/go/pkg/include -D GOOS_linux -D GOARCH_arm64 -o $WORK/b044/asm.o ./asm.s
go tool pack r $WORK/b044/_pkg_.a $WORK/b044/asm.o # internal
go tool buildid -w $WORK/b044/_pkg_.a # internal
cp $WORK/b044/_pkg_.a /home/sketc/.cache/go-build/4d/4dd530097de230b273b89be69ef757e72e271839cfd19d28173fd65fb2102023-d # internal
internal/sync
mkdir -p $WORK/b043/
cat >/tmp/go-build4245046153/b043/importcfg << 'EOF' # internal
# import config
packagefile internal/abi=/tmp/go-build4245046153/b005/_pkg_.a
packagefile internal/goarch=/tmp/go-build4245046153/b006/_pkg_.a
packagefile internal/race=/tmp/go-build4245046153/b029/_pkg_.a
packagefile sync/atomic=/tmp/go-build4245046153/b044/_pkg_.a
EOF
cd /home/sketc/workspace/go-progect/sysint
/home/sketc/.g/go/pkg/tool/linux_arm64/compile -o $WORK/b043/_pkg_.a -trimpath "$WORK/b043=>" -p internal/sync -lang=go1.25 -std -complete -buildid wvTeB6JxUbdy9z7gmzAW/wvTeB6JxUbdy9z7gmzAW -goversion go1.25.9 -c=4 -nolocalimports -importcfg $WORK/b043/importcfg -pack /home/sketc/.g/go/src/internal/sync/hashtriemap.go /home/sketc/.g/go/src/internal/sync/mutex.go /home/sketc/.g/go/src/internal/sync/runtime.go
go tool buildid -w $WORK/b043/_pkg_.a # internal
cp $WORK/b043/_pkg_.a /home/sketc/.cache/go-build/dc/dc16499559207f65180a493dfec1a437861e106bae82580c2621daa8394d36b7-d # internal
encoding
mkdir -p $WORK/b065/
echo '# import config' > $WORK/b065/importcfg # internal
/home/sketc/.g/go/pkg/tool/linux_arm64/compile -o $WORK/b065/_pkg_.a -trimpath "$WORK/b065=>" -p encoding -lang=go1.25 -std -complete -buildid DeDBhem9v5QTnfZEZlzM/DeDBhem9v5QTnfZEZlzM -goversion go1.25.9 -c=4 -nolocalimports -importcfg $WORK/b065/importcfg -pack /home/sketc/.g/go/src/encoding/encoding.go
go tool buildid -w $WORK/b065/_pkg_.a # internal
cp $WORK/b065/_pkg_.a /home/sketc/.cache/go-build/0a/0aeda63677fbf8d9ba419f2fe08f203891666ecbdd49c371cba89e1f802adbd5-d # internal
unicode/utf16
mkdir -p $WORK/b068/
echo '# import config' > $WORK/b068/importcfg # internal
/home/sketc/.g/go/pkg/tool/linux_arm64/compile -o $WORK/b068/_pkg_.a -trimpath "$WORK/b068=>" -p unicode/utf16 -lang=go1.25 -std -complete -buildid er2rpT1TEYhZzKdYDnza/er2rpT1TEYhZzKdYDnza -goversion go1.25.9 -c=4 -nolocalimports -importcfg $WORK/b068/importcfg -pack /home/sketc/.g/go/src/unicode/utf16/utf16.go
go tool buildid -w $WORK/b068/_pkg_.a # internal
cp $WORK/b068/_pkg_.a /home/sketc/.cache/go-build/1e/1e39338fab374ca82b7296a802a6d90b72ed2747d2f508f42769f7def0177f28-d # internal
internal/nettrace
mkdir -p $WORK/b078/
echo '# import config' > $WORK/b078/importcfg # internal
/home/sketc/.g/go/pkg/tool/linux_arm64/compile -o $WORK/b078/_pkg_.a -trimpath "$WORK/b078=>" -p internal/nettrace -lang=go1.25 -std -complete -buildid QPbLfxxCVmd02QNadHRy/QPbLfxxCVmd02QNadHRy -goversion go1.25.9 -c=4 -nolocalimports -importcfg $WORK/b078/importcfg -pack /home/sketc/.g/go/src/internal/nettrace/nettrace.go
go tool buildid -w $WORK/b078/_pkg_.a # internal
cp $WORK/b078/_pkg_.a /home/sketc/.cache/go-build/19/1983710d6b182094cc5fe9551edf354cef9c445124a982cdef06321cf4f53719-d # internal
log/internal
mkdir -p $WORK/b095/
echo '# import config' > $WORK/b095/importcfg # internal
/home/sketc/.g/go/pkg/tool/linux_arm64/compile -o $WORK/b095/_pkg_.a -trimpath "$WORK/b095=>" -p log/internal -lang=go1.25 -std -complete -buildid Wvlo4LFxU0dFaha0KXSG/Wvlo4LFxU0dFaha0KXSG -goversion go1.25.9 -c=4 -nolocalimports -importcfg $WORK/b095/importcfg -pack /home/sketc/.g/go/src/log/internal/internal.go
go tool buildid -w $WORK/b026/_pkg_.a # internal
cp $WORK/b026/_pkg_.a /home/sketc/.cache/go-build/be/be3ad2340708bc71fd2d1fdbf15e924077d6407386cd21f17af7720cf9454029-d # internal
go tool buildid -w $WORK/b095/_pkg_.a # internal
cp $WORK/b095/_pkg_.a /home/sketc/.cache/go-build/44/44021fa5834032c5f82f09b403dac752f83321b317e6099fdd791cebe7854327-d # internal
log/slog/internal
mkdir -p $WORK/b096/
echo '# import config' > $WORK/b096/importcfg # internal
/home/sketc/.g/go/pkg/tool/linux_arm64/compile -o $WORK/b096/_pkg_.a -trimpath "$WORK/b096=>" -p log/slog/internal -lang=go1.25 -std -complete -buildid nPeck4ihMEUGA_82u7Np/nPeck4ihMEUGA_82u7Np -goversion go1.25.9 -c=4 -nolocalimports -importcfg $WORK/b096/importcfg -pack /home/sketc/.g/go/src/log/slog/internal/ignorepc.go
runtime
mkdir -p $WORK/b009/
echo -n > $WORK/b009/go_asm.h # internal
cd /home/sketc/.g/go/src/runtime
/home/sketc/.g/go/pkg/tool/linux_arm64/asm -p runtime -trimpath "$WORK/b009=>" -I $WORK/b009/ -I /home/sketc/.g/go/pkg/include -D GOOS_linux -D GOARCH_arm64 -gensymabis -o $WORK/b009/symabis ./asm.s ./asm_arm64.s ./atomic_arm64.s ./duff_arm64.s ./ints.s ./memclr_arm64.s ./memmove_arm64.s ./preempt_arm64.s ./rt0_linux_arm64.s ./sys_linux_arm64.s ./tls_arm64.s
go tool buildid -w $WORK/b046/_pkg_.a # internal
go tool buildid -w $WORK/b096/_pkg_.a # internal
cp $WORK/b096/_pkg_.a /home/sketc/.cache/go-build/2c/2c398c4f59747f29839ba1ddd47f90c27ae7a31781e2c0dd59b8f9ac533b3b42-d # internal
cp $WORK/b046/_pkg_.a /home/sketc/.cache/go-build/59/596c93d909d3578f06a7590967c47f3149b9c4fb1afe4935079670e5d1e53bc1-d # internal
cd /home/sketc/.g/go/src/math
/home/sketc/.g/go/pkg/tool/linux_arm64/asm -p math -trimpath "$WORK/b038=>" -I $WORK/b038/ -I /home/sketc/.g/go/pkg/include -D GOOS_linux -D GOARCH_arm64 -o $WORK/b038/dim_arm64.o ./dim_arm64.s
cat >/tmp/go-build4245046153/b009/importcfg << 'EOF' # internal
# import config
packagefile internal/abi=/tmp/go-build4245046153/b005/_pkg_.a
packagefile internal/bytealg=/tmp/go-build4245046153/b010/_pkg_.a
packagefile internal/byteorder=/tmp/go-build4245046153/b012/_pkg_.a
packagefile internal/chacha8rand=/tmp/go-build4245046153/b013/_pkg_.a
packagefile internal/coverage/rtcov=/tmp/go-build4245046153/b014/_pkg_.a
packagefile internal/cpu=/tmp/go-build4245046153/b011/_pkg_.a
packagefile internal/goarch=/tmp/go-build4245046153/b006/_pkg_.a
packagefile internal/godebugs=/tmp/go-build4245046153/b015/_pkg_.a
packagefile internal/goexperiment=/tmp/go-build4245046153/b016/_pkg_.a
packagefile internal/goos=/tmp/go-build4245046153/b017/_pkg_.a
packagefile internal/profilerecord=/tmp/go-build4245046153/b018/_pkg_.a
packagefile internal/runtime/atomic=/tmp/go-build4245046153/b019/_pkg_.a
packagefile internal/runtime/cgroup=/tmp/go-build4245046153/b020/_pkg_.a
packagefile internal/runtime/exithook=/tmp/go-build4245046153/b024/_pkg_.a
packagefile internal/runtime/gc=/tmp/go-build4245046153/b025/_pkg_.a
packagefile internal/runtime/maps=/tmp/go-build4245046153/b026/_pkg_.a
packagefile internal/runtime/math=/tmp/go-build4245046153/b022/_pkg_.a
packagefile internal/runtime/strconv=/tmp/go-build4245046153/b021/_pkg_.a
packagefile internal/runtime/sys=/tmp/go-build4245046153/b030/_pkg_.a
packagefile internal/runtime/syscall=/tmp/go-build4245046153/b023/_pkg_.a
packagefile internal/stringslite=/tmp/go-build4245046153/b031/_pkg_.a
packagefile internal/trace/tracev2=/tmp/go-build4245046153/b032/_pkg_.a
EOF
cd /home/sketc/workspace/go-progect/sysint
/home/sketc/.g/go/pkg/tool/linux_arm64/compile -o $WORK/b009/_pkg_.a -trimpath "$WORK/b009=>" -p runtime -lang=go1.25 -std -buildid zoeRPNuIBdhdk73Df2ay/zoeRPNuIBdhdk73Df2ay -goversion go1.25.9 -symabis $WORK/b009/symabis -c=4 -nolocalimports -importcfg $WORK/b009/importcfg -pack -asmhdr $WORK/b009/go_asm.h /home/sketc/.g/go/src/runtime/alg.go /home/sketc/.g/go/src/runtime/arena.go /home/sketc/.g/go/src/runtime/asan0.go /home/sketc/.g/go/src/runtime/atomic_pointer.go /home/sketc/.g/go/src/runtime/badlinkname.go /home/sketc/.g/go/src/runtime/badlinkname_linux.go /home/sketc/.g/go/src/runtime/cgo.go /home/sketc/.g/go/src/runtime/cgo_mmap.go /home/sketc/.g/go/src/runtime/cgo_sigaction.go /home/sketc/.g/go/src/runtime/cgocall.go /home/sketc/.g/go/src/runtime/cgocallback.go /home/sketc/.g/go/src/runtime/cgocheck.go /home/sketc/.g/go/src/runtime/cgroup_linux.go /home/sketc/.g/go/src/runtime/chan.go /home/sketc/.g/go/src/runtime/checkptr.go /home/sketc/.g/go/src/runtime/compiler.go /home/sketc/.g/go/src/runtime/complex.go /home/sketc/.g/go/src/runtime/coro.go /home/sketc/.g/go/src/runtime/covercounter.go /home/sketc/.g/go/src/runtime/covermeta.go /home/sketc/.g/go/src/runtime/cpuflags.go /home/sketc/.g/go/src/runtime/cpuflags_arm64.go /home/sketc/.g/go/src/runtime/cpuprof.go /home/sketc/.g/go/src/runtime/create_file_unix.go /home/sketc/.g/go/src/runtime/debug.go /home/sketc/.g/go/src/runtime/debugcall.go /home/sketc/.g/go/src/runtime/debuglog.go /home/sketc/.g/go/src/runtime/debuglog_off.go /home/sketc/.g/go/src/runtime/defs_linux_arm64.go /home/sketc/.g/go/src/runtime/env_posix.go /home/sketc/.g/go/src/runtime/error.go /home/sketc/.g/go/src/runtime/extern.go /home/sketc/.g/go/src/runtime/fastlog2.go /home/sketc/.g/go/src/runtime/fastlog2table.go /home/sketc/.g/go/src/runtime/fds_unix.go /home/sketc/.g/go/src/runtime/float.go /home/sketc/.g/go/src/runtime/hash64.go /home/sketc/.g/go/src/runtime/heapdump.go /home/sketc/.g/go/src/runtime/histogram.go /home/sketc/.g/go/src/runtime/iface.go /home/sketc/.g/go/src/runtime/lfstack.go /home/sketc/.g/go/src/runtime/linkname.go /home/sketc/.g/go/src/runtime/linkname_swiss.go /home/sketc/.g/go/src/runtime/linkname_unix.go /home/sketc/.g/go/src/runtime/lock_futex.go /home/sketc/.g/go/src/runtime/lock_spinbit.go /home/sketc/.g/go/src/runtime/lockrank.go /home/sketc/.g/go/src/runtime/lockrank_off.go /home/sketc/.g/go/src/runtime/malloc.go /home/sketc/.g/go/src/runtime/map_fast32_swiss.go /home/sketc/.g/go/src/runtime/map_fast64_swiss.go /home/sketc/.g/go/src/runtime/map_faststr_swiss.go /home/sketc/.g/go/src/runtime/map_swiss.go /home/sketc/.g/go/src/runtime/mbarrier.go /home/sketc/.g/go/src/runtime/mbitmap.go /home/sketc/.g/go/src/runtime/mcache.go /home/sketc/.g/go/src/runtime/mcentral.go /home/sketc/.g/go/src/runtime/mcheckmark.go /home/sketc/.g/go/src/runtime/mcleanup.go /home/sketc/.g/go/src/runtime/mem.go /home/sketc/.g/go/src/runtime/mem_linux.go /home/sketc/.g/go/src/runtime/mem_nonsbrk.go /home/sketc/.g/go/src/runtime/metrics.go /home/sketc/.g/go/src/runtime/mfinal.go /home/sketc/.g/go/src/runtime/mfixalloc.go /home/sketc/.g/go/src/runtime/mgc.go /home/sketc/.g/go/src/runtime/mgclimit.go /home/sketc/.g/go/src/runtime/mgcmark.go /home/sketc/.g/go/src/runtime/mgcmark_nogreenteagc.go /home/sketc/.g/go/src/runtime/mgcpacer.go /home/sketc/.g/go/src/runtime/mgcscavenge.go /home/sketc/.g/go/src/runtime/mgcstack.go /home/sketc/.g/go/src/runtime/mgcsweep.go /home/sketc/.g/go/src/runtime/mgcwork.go /home/sketc/.g/go/src/runtime/mheap.go /home/sketc/.g/go/src/runtime/minmax.go /home/sketc/.g/go/src/runtime/mpagealloc.go /home/sketc/.g/go/src/runtime/mpagealloc_64bit.go /home/sketc/.g/go/src/runtime/mpagecache.go /home/sketc/.g/go/src/runtime/mpallocbits.go /home/sketc/.g/go/src/runtime/mprof.go /home/sketc/.g/go/src/runtime/mranges.go /home/sketc/.g/go/src/runtime/msan0.go /home/sketc/.g/go/src/runtime/msize.go /home/sketc/.g/go/src/runtime/mspanset.go /home/sketc/.g/go/src/runtime/mstats.go /home/sketc/.g/go/src/runtime/mwbbuf.go /home/sketc/.g/go/src/runtime/nbpipe_pipe2.go /home/sketc/.g/go/src/runtime/netpoll.go /home/sketc/.g/go/src/runtime/netpoll_epoll.go /home/sketc/.g/go/src/runtime/nonwindows_stub.go /home/sketc/.g/go/src/runtime/note_other.go /home/sketc/.g/go/src/runtime/os_linux.go /home/sketc/.g/go/src/runtime/os_linux_arm64.go /home/sketc/.g/go/src/runtime/os_linux_generic.go /home/sketc/.g/go/src/runtime/os_nonopenbsd.go /home/sketc/.g/go/src/runtime/os_unix.go /home/sketc/.g/go/src/runtime/panic.go /home/sketc/.g/go/src/runtime/pinner.go /home/sketc/.g/go/src/runtime/plugin.go /home/sketc/.g/go/src/runtime/preempt.go /home/sketc/.g/go/src/runtime/preempt_nonwindows.go /home/sketc/.g/go/src/runtime/print.go /home/sketc/.g/go/src/runtime/proc.go /home/sketc/.g/go/src/runtime/profbuf.go /home/sketc/.g/go/src/runtime/proflabel.go /home/sketc/.g/go/src/runtime/race0.go /home/sketc/.g/go/src/runtime/rand.go /home/sketc/.g/go/src/runtime/rdebug.go /home/sketc/.g/go/src/runtime/retry.go /home/sketc/.g/go/src/runtime/runtime.go /home/sketc/.g/go/src/runtime/runtime1.go /home/sketc/.g/go/src/runtime/runtime2.go /home/sketc/.g/go/src/runtime/runtime_boring.go /home/sketc/.g/go/src/runtime/rwmutex.go /home/sketc/.g/go/src/runtime/security_linux.go /home/sketc/.g/go/src/runtime/security_unix.go /home/sketc/.g/go/src/runtime/select.go /home/sketc/.g/go/src/runtime/sema.go /home/sketc/.g/go/src/runtime/set_vma_name_linux.go /home/sketc/.g/go/src/runtime/signal_arm64.go /home/sketc/.g/go/src/runtime/signal_linux_arm64.go /home/sketc/.g/go/src/runtime/signal_unix.go /home/sketc/.g/go/src/runtime/sigqueue.go /home/sketc/.g/go/src/runtime/sigqueue_note.go /home/sketc/.g/go/src/runtime/sigtab_linux_generic.go /home/sketc/.g/go/src/runtime/slice.go /home/sketc/.g/go/src/runtime/softfloat64.go /home/sketc/.g/go/src/runtime/stack.go /home/sketc/.g/go/src/runtime/stkframe.go /home/sketc/.g/go/src/runtime/string.go /home/sketc/.g/go/src/runtime/stubs.go /home/sketc/.g/go/src/runtime/stubs2.go /home/sketc/.g/go/src/runtime/stubs3.go /home/sketc/.g/go/src/runtime/stubs_arm64.go /home/sketc/.g/go/src/runtime/stubs_linux.go /home/sketc/.g/go/src/runtime/stubs_nonwasm.go /home/sketc/.g/go/src/runtime/symtab.go /home/sketc/.g/go/src/runtime/symtabinl.go /home/sketc/.g/go/src/runtime/synctest.go /home/sketc/.g/go/src/runtime/sys_arm64.go /home/sketc/.g/go/src/runtime/sys_nonppc64x.go /home/sketc/.g/go/src/runtime/tagptr.go /home/sketc/.g/go/src/runtime/tagptr_64bit.go /home/sketc/.g/go/src/runtime/test_stubs.go /home/sketc/.g/go/src/runtime/time.go /home/sketc/.g/go/src/runtime/time_nofake.go /home/sketc/.g/go/src/runtime/timestub.go /home/sketc/.g/go/src/runtime/timestub2.go /home/sketc/.g/go/src/runtime/tls_stub.go /home/sketc/.g/go/src/runtime/trace.go /home/sketc/.g/go/src/runtime/traceallocfree.go /home/sketc/.g/go/src/runtime/traceback.go /home/sketc/.g/go/src/runtime/tracebuf.go /home/sketc/.g/go/src/runtime/tracecpu.go /home/sketc/.g/go/src/runtime/traceevent.go /home/sketc/.g/go/src/runtime/tracemap.go /home/sketc/.g/go/src/runtime/traceregion.go /home/sketc/.g/go/src/runtime/traceruntime.go /home/sketc/.g/go/src/runtime/tracestack.go /home/sketc/.g/go/src/runtime/tracestatus.go /home/sketc/.g/go/src/runtime/tracestring.go /home/sketc/.g/go/src/runtime/tracetime.go /home/sketc/.g/go/src/runtime/tracetype.go /home/sketc/.g/go/src/runtime/type.go /home/sketc/.g/go/src/runtime/typekind.go /home/sketc/.g/go/src/runtime/unsafe.go /home/sketc/.g/go/src/runtime/utf8.go /home/sketc/.g/go/src/runtime/valgrind0.go /home/sketc/.g/go/src/runtime/vdso_elf64.go /home/sketc/.g/go/src/runtime/vdso_linux.go /home/sketc/.g/go/src/runtime/vdso_linux_arm64.go /home/sketc/.g/go/src/runtime/vgetrandom_linux.go /home/sketc/.g/go/src/runtime/write_err.go
cd /home/sketc/.g/go/src/math
/home/sketc/.g/go/pkg/tool/linux_arm64/asm -p math -trimpath "$WORK/b038=>" -I $WORK/b038/ -I /home/sketc/.g/go/pkg/include -D GOOS_linux -D GOARCH_arm64 -o $WORK/b038/exp_arm64.o ./exp_arm64.s
/home/sketc/.g/go/pkg/tool/linux_arm64/asm -p math -trimpath "$WORK/b038=>" -I $WORK/b038/ -I /home/sketc/.g/go/pkg/include -D GOOS_linux -D GOARCH_arm64 -o $WORK/b038/floor_arm64.o ./floor_arm64.s
/home/sketc/.g/go/pkg/tool/linux_arm64/asm -p math -trimpath "$WORK/b038=>" -I $WORK/b038/ -I /home/sketc/.g/go/pkg/include -D GOOS_linux -D GOARCH_arm64 -o $WORK/b038/modf_arm64.o ./modf_arm64.s
go tool pack r $WORK/b038/_pkg_.a $WORK/b038/dim_arm64.o $WORK/b038/exp_arm64.o $WORK/b038/floor_arm64.o $WORK/b038/modf_arm64.o # internal
go tool buildid -w $WORK/b038/_pkg_.a # internal
cp $WORK/b038/_pkg_.a /home/sketc/.cache/go-build/1f/1f7b5ae284bc3971f1b84dfb952dc5113ac9ee39d0a8cd5913b4926f00879b80-d # internal
cp /home/sketc/.g/go/src/runtime/tls_arm64.h $WORK/b009/tls_GOARCH.h
cd /home/sketc/.g/go/src/runtime
/home/sketc/.g/go/pkg/tool/linux_arm64/asm -p runtime -trimpath "$WORK/b009=>" -I $WORK/b009/ -I /home/sketc/.g/go/pkg/include -D GOOS_linux -D GOARCH_arm64 -o $WORK/b009/asm.o ./asm.s
/home/sketc/.g/go/pkg/tool/linux_arm64/asm -p runtime -trimpath "$WORK/b009=>" -I $WORK/b009/ -I /home/sketc/.g/go/pkg/include -D GOOS_linux -D GOARCH_arm64 -o $WORK/b009/asm_arm64.o ./asm_arm64.s
/home/sketc/.g/go/pkg/tool/linux_arm64/asm -p runtime -trimpath "$WORK/b009=>" -I $WORK/b009/ -I /home/sketc/.g/go/pkg/include -D GOOS_linux -D GOARCH_arm64 -o $WORK/b009/atomic_arm64.o ./atomic_arm64.s
/home/sketc/.g/go/pkg/tool/linux_arm64/asm -p runtime -trimpath "$WORK/b009=>" -I $WORK/b009/ -I /home/sketc/.g/go/pkg/include -D GOOS_linux -D GOARCH_arm64 -o $WORK/b009/duff_arm64.o ./duff_arm64.s
/home/sketc/.g/go/pkg/tool/linux_arm64/asm -p runtime -trimpath "$WORK/b009=>" -I $WORK/b009/ -I /home/sketc/.g/go/pkg/include -D GOOS_linux -D GOARCH_arm64 -o $WORK/b009/ints.o ./ints.s
/home/sketc/.g/go/pkg/tool/linux_arm64/asm -p runtime -trimpath "$WORK/b009=>" -I $WORK/b009/ -I /home/sketc/.g/go/pkg/include -D GOOS_linux -D GOARCH_arm64 -o $WORK/b009/memclr_arm64.o ./memclr_arm64.s
/home/sketc/.g/go/pkg/tool/linux_arm64/asm -p runtime -trimpath "$WORK/b009=>" -I $WORK/b009/ -I /home/sketc/.g/go/pkg/include -D GOOS_linux -D GOARCH_arm64 -o $WORK/b009/memmove_arm64.o ./memmove_arm64.s
/home/sketc/.g/go/pkg/tool/linux_arm64/asm -p runtime -trimpath "$WORK/b009=>" -I $WORK/b009/ -I /home/sketc/.g/go/pkg/include -D GOOS_linux -D GOARCH_arm64 -o $WORK/b009/preempt_arm64.o ./preempt_arm64.s
/home/sketc/.g/go/pkg/tool/linux_arm64/asm -p runtime -trimpath "$WORK/b009=>" -I $WORK/b009/ -I /home/sketc/.g/go/pkg/include -D GOOS_linux -D GOARCH_arm64 -o $WORK/b009/rt0_linux_arm64.o ./rt0_linux_arm64.s
/home/sketc/.g/go/pkg/tool/linux_arm64/asm -p runtime -trimpath "$WORK/b009=>" -I $WORK/b009/ -I /home/sketc/.g/go/pkg/include -D GOOS_linux -D GOARCH_arm64 -o $WORK/b009/sys_linux_arm64.o ./sys_linux_arm64.s
/home/sketc/.g/go/pkg/tool/linux_arm64/asm -p runtime -trimpath "$WORK/b009=>" -I $WORK/b009/ -I /home/sketc/.g/go/pkg/include -D GOOS_linux -D GOARCH_arm64 -o $WORK/b009/tls_arm64.o ./tls_arm64.s
go tool pack r $WORK/b009/_pkg_.a $WORK/b009/asm.o $WORK/b009/asm_arm64.o $WORK/b009/atomic_arm64.o $WORK/b009/duff_arm64.o $WORK/b009/ints.o $WORK/b009/memclr_arm64.o $WORK/b009/memmove_arm64.o $WORK/b009/preempt_arm64.o $WORK/b009/rt0_linux_arm64.o $WORK/b009/sys_linux_arm64.o $WORK/b009/tls_arm64.o # internal
go tool buildid -w $WORK/b009/_pkg_.a # internal
cp $WORK/b009/_pkg_.a /home/sketc/.cache/go-build/4f/4fcaec567bf548d1685afb07601602d363e82d78c6582c9b2daf532a39325b86-d # internal
internal/reflectlite
mkdir -p $WORK/b004/
iter
mkdir -p $WORK/b037/
weak
mkdir -p $WORK/b082/
cat >/tmp/go-build4245046153/b037/importcfg << 'EOF' # internal
# import config
packagefile internal/race=/tmp/go-build4245046153/b029/_pkg_.a
packagefile runtime=/tmp/go-build4245046153/b009/_pkg_.a
EOF
cd /home/sketc/workspace/go-progect/sysint
/home/sketc/.g/go/pkg/tool/linux_arm64/compile -o $WORK/b037/_pkg_.a -trimpath "$WORK/b037=>" -p iter -lang=go1.25 -std -complete -buildid 6HNt6PgARZscORFnNzH2/6HNt6PgARZscORFnNzH2 -goversion go1.25.9 -c=4 -nolocalimports -importcfg $WORK/b037/importcfg -pack /home/sketc/.g/go/src/iter/iter.go
cat >/tmp/go-build4245046153/b082/importcfg << 'EOF' # internal
# import config
packagefile internal/abi=/tmp/go-build4245046153/b005/_pkg_.a
packagefile runtime=/tmp/go-build4245046153/b009/_pkg_.a
EOF
/home/sketc/.g/go/pkg/tool/linux_arm64/compile -o $WORK/b082/_pkg_.a -trimpath "$WORK/b082=>" -p weak -lang=go1.25 -std -complete -buildid dZzEqkeqrCG-kv1APVEQ/dZzEqkeqrCG-kv1APVEQ -goversion go1.25.9 -c=4 -nolocalimports -importcfg $WORK/b082/importcfg -pack /home/sketc/.g/go/src/weak/doc.go /home/sketc/.g/go/src/weak/pointer.go
echo -n > $WORK/b004/go_asm.h # internal
cd /home/sketc/.g/go/src/internal/reflectlite
/home/sketc/.g/go/pkg/tool/linux_arm64/asm -p internal/reflectlite -trimpath "$WORK/b004=>" -I $WORK/b004/ -I /home/sketc/.g/go/pkg/include -D GOOS_linux -D GOARCH_arm64 -gensymabis -o $WORK/b004/symabis ./asm.s
sync
mkdir -p $WORK/b042/
cat >/tmp/go-build4245046153/b042/importcfg << 'EOF' # internal
# import config
packagefile internal/race=/tmp/go-build4245046153/b029/_pkg_.a
packagefile internal/sync=/tmp/go-build4245046153/b043/_pkg_.a
packagefile internal/synctest=/tmp/go-build4245046153/b045/_pkg_.a
packagefile runtime=/tmp/go-build4245046153/b009/_pkg_.a
packagefile sync/atomic=/tmp/go-build4245046153/b044/_pkg_.a
EOF
cd /home/sketc/workspace/go-progect/sysint
/home/sketc/.g/go/pkg/tool/linux_arm64/compile -o $WORK/b042/_pkg_.a -trimpath "$WORK/b042=>" -p sync -lang=go1.25 -std -buildid aewLnv4rtVpsZlQKPbon/aewLnv4rtVpsZlQKPbon -goversion go1.25.9 -c=4 -nolocalimports -importcfg $WORK/b042/importcfg -pack /home/sketc/.g/go/src/sync/cond.go /home/sketc/.g/go/src/sync/hashtriemap.go /home/sketc/.g/go/src/sync/mutex.go /home/sketc/.g/go/src/sync/once.go /home/sketc/.g/go/src/sync/oncefunc.go /home/sketc/.g/go/src/sync/pool.go /home/sketc/.g/go/src/sync/poolqueue.go /home/sketc/.g/go/src/sync/runtime.go /home/sketc/.g/go/src/sync/runtime2.go /home/sketc/.g/go/src/sync/rwmutex.go /home/sketc/.g/go/src/sync/waitgroup.go
cat >/tmp/go-build4245046153/b004/importcfg << 'EOF' # internal
# import config
packagefile internal/abi=/tmp/go-build4245046153/b005/_pkg_.a
packagefile internal/goarch=/tmp/go-build4245046153/b006/_pkg_.a
packagefile internal/unsafeheader=/tmp/go-build4245046153/b008/_pkg_.a
packagefile runtime=/tmp/go-build4245046153/b009/_pkg_.a
EOF
/home/sketc/.g/go/pkg/tool/linux_arm64/compile -o $WORK/b004/_pkg_.a -trimpath "$WORK/b004=>" -p internal/reflectlite -lang=go1.25 -std -buildid 8s5onKzlbpvePcKaqcbX/8s5onKzlbpvePcKaqcbX -goversion go1.25.9 -symabis $WORK/b004/symabis -c=4 -nolocalimports -importcfg $WORK/b004/importcfg -pack -asmhdr $WORK/b004/go_asm.h /home/sketc/.g/go/src/internal/reflectlite/swapper.go /home/sketc/.g/go/src/internal/reflectlite/type.go /home/sketc/.g/go/src/internal/reflectlite/value.go
go tool buildid -w $WORK/b082/_pkg_.a # internal
cp $WORK/b082/_pkg_.a /home/sketc/.cache/go-build/a9/a9e6b609199dd4457718bbef1c5787e157829314f86a0a63f80156fab4816b71-d # internal
go tool buildid -w $WORK/b037/_pkg_.a # internal
cp $WORK/b037/_pkg_.a /home/sketc/.cache/go-build/e7/e7346926df034ea5115d6703424fa274a3c3240ea00712c7237e2d8f7a81e3e8-d # internal
maps
mkdir -p $WORK/b089/
cat >/tmp/go-build4245046153/b089/importcfg << 'EOF' # internal
# import config
packagefile iter=/tmp/go-build4245046153/b037/_pkg_.a
EOF
/home/sketc/.g/go/pkg/tool/linux_arm64/compile -o $WORK/b089/_pkg_.a -trimpath "$WORK/b089=>" -p maps -lang=go1.25 -std -complete -buildid 35DHLuFHkm5BNfR4GDLj/35DHLuFHkm5BNfR4GDLj -goversion go1.25.9 -c=4 -nolocalimports -importcfg $WORK/b089/importcfg -pack /home/sketc/.g/go/src/maps/iter.go /home/sketc/.g/go/src/maps/maps.go
slices
mkdir -p $WORK/b047/
cat >/tmp/go-build4245046153/b047/importcfg << 'EOF' # internal
# import config
packagefile cmp=/tmp/go-build4245046153/b034/_pkg_.a
packagefile iter=/tmp/go-build4245046153/b037/_pkg_.a
packagefile math/bits=/tmp/go-build4245046153/b039/_pkg_.a
EOF
/home/sketc/.g/go/pkg/tool/linux_arm64/compile -o $WORK/b047/_pkg_.a -trimpath "$WORK/b047=>" -p slices -lang=go1.25 -std -complete -buildid vfXBfu_SfxM-Cp6-M7-o/vfXBfu_SfxM-Cp6-M7-o -goversion go1.25.9 -c=4 -nolocalimports -importcfg $WORK/b047/importcfg -pack /home/sketc/.g/go/src/slices/iter.go /home/sketc/.g/go/src/slices/slices.go /home/sketc/.g/go/src/slices/sort.go /home/sketc/.g/go/src/slices/zsortanyfunc.go /home/sketc/.g/go/src/slices/zsortordered.go
go tool buildid -w $WORK/b089/_pkg_.a # internal
cp $WORK/b089/_pkg_.a /home/sketc/.cache/go-build/64/64bd84dbfabf28fcd9ac895a60b204159e6a93193665729b80a5c5f9e4e445a8-d # internal
go tool buildid -w $WORK/b047/_pkg_.a # internal
cp $WORK/b047/_pkg_.a /home/sketc/.cache/go-build/e9/e9e55be84b0aaf5b3beb02928c94066e1b1cc422c096393b188d49d29993e627-d # internal
cd /home/sketc/.g/go/src/internal/reflectlite
/home/sketc/.g/go/pkg/tool/linux_arm64/asm -p internal/reflectlite -trimpath "$WORK/b004=>" -I $WORK/b004/ -I /home/sketc/.g/go/pkg/include -D GOOS_linux -D GOARCH_arm64 -o $WORK/b004/asm.o ./asm.s
go tool pack r $WORK/b004/_pkg_.a $WORK/b004/asm.o # internal
go tool buildid -w $WORK/b004/_pkg_.a # internal
cp $WORK/b004/_pkg_.a /home/sketc/.cache/go-build/d4/d48823449f1261e90a1ca6bf23c98be9450c6ab686caa748a8eabff3f272de64-d # internal
errors
mkdir -p $WORK/b003/
sort
mkdir -p $WORK/b084/
cat >/tmp/go-build4245046153/b003/importcfg << 'EOF' # internal
# import config
packagefile internal/reflectlite=/tmp/go-build4245046153/b004/_pkg_.a
EOF
cd /home/sketc/workspace/go-progect/sysint
/home/sketc/.g/go/pkg/tool/linux_arm64/compile -o $WORK/b003/_pkg_.a -trimpath "$WORK/b003=>" -p errors -lang=go1.25 -std -complete -buildid JujuFxMcyDVh0F9DUZ2r/JujuFxMcyDVh0F9DUZ2r -goversion go1.25.9 -c=4 -nolocalimports -importcfg $WORK/b003/importcfg -pack /home/sketc/.g/go/src/errors/errors.go /home/sketc/.g/go/src/errors/join.go /home/sketc/.g/go/src/errors/wrap.go
cat >/tmp/go-build4245046153/b084/importcfg << 'EOF' # internal
# import config
packagefile internal/reflectlite=/tmp/go-build4245046153/b004/_pkg_.a
packagefile math/bits=/tmp/go-build4245046153/b039/_pkg_.a
packagefile slices=/tmp/go-build4245046153/b047/_pkg_.a
EOF
/home/sketc/.g/go/pkg/tool/linux_arm64/compile -o $WORK/b084/_pkg_.a -trimpath "$WORK/b084=>" -p sort -lang=go1.25 -std -complete -buildid YmivIM2rOFaRSwQ1bz5w/YmivIM2rOFaRSwQ1bz5w -goversion go1.25.9 -c=4 -nolocalimports -importcfg $WORK/b084/importcfg -pack /home/sketc/.g/go/src/sort/search.go /home/sketc/.g/go/src/sort/slice.go /home/sketc/.g/go/src/sort/sort.go /home/sketc/.g/go/src/sort/zsortfunc.go /home/sketc/.g/go/src/sort/zsortinterface.go
go tool buildid -w $WORK/b042/_pkg_.a # internal
go tool buildid -w $WORK/b003/_pkg_.a # internal
cp $WORK/b003/_pkg_.a /home/sketc/.cache/go-build/9c/9c1b2c950e9fbb6592c4bca886eb1e0ba93320a4bbfacef88a69588824d8e4e5-d # internal
strconv
mkdir -p $WORK/b040/
internal/oserror
mkdir -p $WORK/b052/
cat >/tmp/go-build4245046153/b040/importcfg << 'EOF' # internal
# import config
packagefile errors=/tmp/go-build4245046153/b003/_pkg_.a
packagefile internal/bytealg=/tmp/go-build4245046153/b010/_pkg_.a
packagefile internal/stringslite=/tmp/go-build4245046153/b031/_pkg_.a
packagefile math=/tmp/go-build4245046153/b038/_pkg_.a
packagefile math/bits=/tmp/go-build4245046153/b039/_pkg_.a
packagefile unicode/utf8=/tmp/go-build4245046153/b041/_pkg_.a
EOF
cat >/tmp/go-build4245046153/b052/importcfg << 'EOF' # internal
# import config
packagefile errors=/tmp/go-build4245046153/b003/_pkg_.a
EOF
/home/sketc/.g/go/pkg/tool/linux_arm64/compile -o $WORK/b052/_pkg_.a -trimpath "$WORK/b052=>" -p internal/oserror -lang=go1.25 -std -complete -buildid TWTkM8qP1MCQH9Q5o4kG/TWTkM8qP1MCQH9Q5o4kG -goversion go1.25.9 -c=4 -nolocalimports -importcfg $WORK/b052/importcfg -pack /home/sketc/.g/go/src/internal/oserror/errors.go
/home/sketc/.g/go/pkg/tool/linux_arm64/compile -o $WORK/b040/_pkg_.a -trimpath "$WORK/b040=>" -p strconv -lang=go1.25 -std -complete -buildid o0Q80F6Nx3Y4w_sB7ota/o0Q80F6Nx3Y4w_sB7ota -goversion go1.25.9 -c=4 -nolocalimports -importcfg $WORK/b040/importcfg -pack /home/sketc/.g/go/src/strconv/atob.go /home/sketc/.g/go/src/strconv/atoc.go /home/sketc/.g/go/src/strconv/atof.go /home/sketc/.g/go/src/strconv/atoi.go /home/sketc/.g/go/src/strconv/bytealg.go /home/sketc/.g/go/src/strconv/ctoa.go /home/sketc/.g/go/src/strconv/decimal.go /home/sketc/.g/go/src/strconv/doc.go /home/sketc/.g/go/src/strconv/eisel_lemire.go /home/sketc/.g/go/src/strconv/ftoa.go /home/sketc/.g/go/src/strconv/ftoaryu.go /home/sketc/.g/go/src/strconv/isprint.go /home/sketc/.g/go/src/strconv/itoa.go /home/sketc/.g/go/src/strconv/quote.go
cp $WORK/b042/_pkg_.a /home/sketc/.cache/go-build/16/16e4f7cdf5fbfba81753e94a0e2d6eb063e0578b3444f0a19a10b4a199cac4dd-d # internal
io
mkdir -p $WORK/b048/
cat >/tmp/go-build4245046153/b048/importcfg << 'EOF' # internal
# import config
packagefile errors=/tmp/go-build4245046153/b003/_pkg_.a
packagefile sync=/tmp/go-build4245046153/b042/_pkg_.a
EOF
/home/sketc/.g/go/pkg/tool/linux_arm64/compile -o $WORK/b048/_pkg_.a -trimpath "$WORK/b048=>" -p io -lang=go1.25 -std -complete -buildid 4y9EvFHTAscb2_t98_XH/4y9EvFHTAscb2_t98_XH -goversion go1.25.9 -c=4 -nolocalimports -importcfg $WORK/b048/importcfg -pack /home/sketc/.g/go/src/io/io.go /home/sketc/.g/go/src/io/multi.go /home/sketc/.g/go/src/io/pipe.go
go tool buildid -w $WORK/b052/_pkg_.a # internal
cp $WORK/b052/_pkg_.a /home/sketc/.cache/go-build/a0/a0d2afdeaf2a8daa7a4a60e352ece07e17ad1fba583349321f23ff7d9f8c1762-d # internal
path
mkdir -p $WORK/b053/
cat >/tmp/go-build4245046153/b053/importcfg << 'EOF' # internal
# import config
packagefile errors=/tmp/go-build4245046153/b003/_pkg_.a
packagefile internal/bytealg=/tmp/go-build4245046153/b010/_pkg_.a
packagefile unicode/utf8=/tmp/go-build4245046153/b041/_pkg_.a
EOF
/home/sketc/.g/go/pkg/tool/linux_arm64/compile -o $WORK/b053/_pkg_.a -trimpath "$WORK/b053=>" -p path -lang=go1.25 -std -complete -buildid OpEcTU1OY8jpmyYtwTax/OpEcTU1OY8jpmyYtwTax -goversion go1.25.9 -c=4 -nolocalimports -importcfg $WORK/b053/importcfg -pack /home/sketc/.g/go/src/path/match.go /home/sketc/.g/go/src/path/path.go
go tool buildid -w $WORK/b053/_pkg_.a # internal
cp $WORK/b053/_pkg_.a /home/sketc/.cache/go-build/43/439ad9566dd13f5d6566c1ca55346bfbe636179e266cf816ad8547a683688a58-d # internal
internal/bisect
mkdir -p $WORK/b056/
cat >/tmp/go-build4245046153/b056/importcfg << 'EOF' # internal
# import config
packagefile runtime=/tmp/go-build4245046153/b009/_pkg_.a
packagefile sync=/tmp/go-build4245046153/b042/_pkg_.a
packagefile sync/atomic=/tmp/go-build4245046153/b044/_pkg_.a
EOF
/home/sketc/.g/go/pkg/tool/linux_arm64/compile -o $WORK/b056/_pkg_.a -trimpath "$WORK/b056=>" -p internal/bisect -lang=go1.25 -std -complete -buildid _6or9WiAyrJ1DsVXKWLl/_6or9WiAyrJ1DsVXKWLl -goversion go1.25.9 -c=4 -nolocalimports -importcfg $WORK/b056/importcfg -pack /home/sketc/.g/go/src/internal/bisect/bisect.go
go tool buildid -w $WORK/b084/_pkg_.a # internal
cp $WORK/b084/_pkg_.a /home/sketc/.cache/go-build/88/8803efcbcefcd51b6b4aa64cb1c0724c93981a59905a2e88641c8058cbbcd598-d # internal
syscall
mkdir -p $WORK/b057/
echo -n > $WORK/b057/go_asm.h # internal
cd /home/sketc/.g/go/src/syscall
/home/sketc/.g/go/pkg/tool/linux_arm64/asm -p syscall -trimpath "$WORK/b057=>" -I $WORK/b057/ -I /home/sketc/.g/go/pkg/include -D GOOS_linux -D GOARCH_arm64 -gensymabis -o $WORK/b057/symabis ./asm_linux_arm64.s
cat >/tmp/go-build4245046153/b057/importcfg << 'EOF' # internal
# import config
packagefile errors=/tmp/go-build4245046153/b003/_pkg_.a
packagefile internal/asan=/tmp/go-build4245046153/b027/_pkg_.a
packagefile internal/bytealg=/tmp/go-build4245046153/b010/_pkg_.a
packagefile internal/byteorder=/tmp/go-build4245046153/b012/_pkg_.a
packagefile internal/goarch=/tmp/go-build4245046153/b006/_pkg_.a
packagefile internal/itoa=/tmp/go-build4245046153/b036/_pkg_.a
packagefile internal/msan=/tmp/go-build4245046153/b028/_pkg_.a
packagefile internal/oserror=/tmp/go-build4245046153/b052/_pkg_.a
packagefile internal/race=/tmp/go-build4245046153/b029/_pkg_.a
packagefile internal/runtime/syscall=/tmp/go-build4245046153/b023/_pkg_.a
packagefile runtime=/tmp/go-build4245046153/b009/_pkg_.a
packagefile slices=/tmp/go-build4245046153/b047/_pkg_.a
packagefile sync=/tmp/go-build4245046153/b042/_pkg_.a
packagefile sync/atomic=/tmp/go-build4245046153/b044/_pkg_.a
EOF
cd /home/sketc/workspace/go-progect/sysint
/home/sketc/.g/go/pkg/tool/linux_arm64/compile -o $WORK/b057/_pkg_.a -trimpath "$WORK/b057=>" -p syscall -lang=go1.25 -std -buildid f25j6119Odj2fPvkn6yW/f25j6119Odj2fPvkn6yW -goversion go1.25.9 -symabis $WORK/b057/symabis -c=4 -nolocalimports -importcfg $WORK/b057/importcfg -pack -asmhdr $WORK/b057/go_asm.h /home/sketc/.g/go/src/syscall/badlinkname_unix.go /home/sketc/.g/go/src/syscall/dirent.go /home/sketc/.g/go/src/syscall/env_unix.go /home/sketc/.g/go/src/syscall/exec_linux.go /home/sketc/.g/go/src/syscall/exec_unix.go /home/sketc/.g/go/src/syscall/flock_linux.go /home/sketc/.g/go/src/syscall/forkpipe2.go /home/sketc/.g/go/src/syscall/linkname_unix.go /home/sketc/.g/go/src/syscall/lsf_linux.go /home/sketc/.g/go/src/syscall/net.go /home/sketc/.g/go/src/syscall/netlink_linux.go /home/sketc/.g/go/src/syscall/rlimit.go /home/sketc/.g/go/src/syscall/rlimit_stub.go /home/sketc/.g/go/src/syscall/setuidgid_linux.go /home/sketc/.g/go/src/syscall/sockcmsg_linux.go /home/sketc/.g/go/src/syscall/sockcmsg_unix.go /home/sketc/.g/go/src/syscall/sockcmsg_unix_other.go /home/sketc/.g/go/src/syscall/syscall.go /home/sketc/.g/go/src/syscall/syscall_linux.go /home/sketc/.g/go/src/syscall/syscall_linux_arm64.go /home/sketc/.g/go/src/syscall/syscall_unix.go /home/sketc/.g/go/src/syscall/time_nofake.go /home/sketc/.g/go/src/syscall/timestruct.go /home/sketc/.g/go/src/syscall/zerrors_linux_arm64.go /home/sketc/.g/go/src/syscall/zsyscall_linux_arm64.go /home/sketc/.g/go/src/syscall/zsysnum_linux_arm64.go /home/sketc/.g/go/src/syscall/ztypes_linux_arm64.go
go tool buildid -w $WORK/b048/_pkg_.a # internal
cp $WORK/b048/_pkg_.a /home/sketc/.cache/go-build/fa/fa8f6462beaa9b7a7370704b08c6402efa2977307d8f23fb9f308143d8793569-d # internal
internal/testlog
mkdir -p $WORK/b061/
cat >/tmp/go-build4245046153/b061/importcfg << 'EOF' # internal
# import config
packagefile sync=/tmp/go-build4245046153/b042/_pkg_.a
packagefile sync/atomic=/tmp/go-build4245046153/b044/_pkg_.a
EOF
/home/sketc/.g/go/pkg/tool/linux_arm64/compile -o $WORK/b061/_pkg_.a -trimpath "$WORK/b061=>" -p internal/testlog -lang=go1.25 -std -complete -buildid uZD_ioI3k-gEld7gH9Fl/uZD_ioI3k-gEld7gH9Fl -goversion go1.25.9 -c=4 -nolocalimports -importcfg $WORK/b061/importcfg -pack /home/sketc/.g/go/src/internal/testlog/exit.go /home/sketc/.g/go/src/internal/testlog/log.go
go tool buildid -w $WORK/b056/_pkg_.a # internal
cp $WORK/b056/_pkg_.a /home/sketc/.cache/go-build/04/045745ad32c6a546eaa32b22a1aa6d20b8505bffa7a2377dd46cdf1bf3932856-d # internal
internal/godebug
mkdir -p $WORK/b055/
cat >/tmp/go-build4245046153/b055/importcfg << 'EOF' # internal
# import config
packagefile internal/bisect=/tmp/go-build4245046153/b056/_pkg_.a
packagefile internal/godebugs=/tmp/go-build4245046153/b015/_pkg_.a
packagefile sync=/tmp/go-build4245046153/b042/_pkg_.a
packagefile sync/atomic=/tmp/go-build4245046153/b044/_pkg_.a
EOF
/home/sketc/.g/go/pkg/tool/linux_arm64/compile -o $WORK/b055/_pkg_.a -trimpath "$WORK/b055=>" -p internal/godebug -lang=go1.25 -std -complete -buildid GMdAlS6tIICrqyNmf23m/GMdAlS6tIICrqyNmf23m -goversion go1.25.9 -c=4 -nolocalimports -importcfg $WORK/b055/importcfg -pack /home/sketc/.g/go/src/internal/godebug/godebug.go
go tool buildid -w $WORK/b061/_pkg_.a # internal
cp $WORK/b061/_pkg_.a /home/sketc/.cache/go-build/77/778b33c0047a52e7b47cdc5904ccfeb2d47fc3fc93fc476727db79f24cf74925-d # internal
bytes
mkdir -p $WORK/b064/
cat >/tmp/go-build4245046153/b064/importcfg << 'EOF' # internal
# import config
packagefile errors=/tmp/go-build4245046153/b003/_pkg_.a
packagefile internal/bytealg=/tmp/go-build4245046153/b010/_pkg_.a
packagefile io=/tmp/go-build4245046153/b048/_pkg_.a
packagefile iter=/tmp/go-build4245046153/b037/_pkg_.a
packagefile math/bits=/tmp/go-build4245046153/b039/_pkg_.a
packagefile unicode=/tmp/go-build4245046153/b046/_pkg_.a
packagefile unicode/utf8=/tmp/go-build4245046153/b041/_pkg_.a
EOF
/home/sketc/.g/go/pkg/tool/linux_arm64/compile -o $WORK/b064/_pkg_.a -trimpath "$WORK/b064=>" -p bytes -lang=go1.25 -std -buildid L3mhpbPhUVqGSKeAUd_B/L3mhpbPhUVqGSKeAUd_B -goversion go1.25.9 -c=4 -nolocalimports -importcfg $WORK/b064/importcfg -pack /home/sketc/.g/go/src/bytes/buffer.go /home/sketc/.g/go/src/bytes/bytes.go /home/sketc/.g/go/src/bytes/iter.go /home/sketc/.g/go/src/bytes/reader.go
go tool buildid -w $WORK/b040/_pkg_.a # internal
cp $WORK/b040/_pkg_.a /home/sketc/.cache/go-build/0f/0f63714b2ae10f951837fd1ad1e0c87cfb58fe530a000943dca21380335b28e3-d # internal
reflect
mkdir -p $WORK/b035/
echo -n > $WORK/b035/go_asm.h # internal
cd /home/sketc/.g/go/src/reflect
/home/sketc/.g/go/pkg/tool/linux_arm64/asm -p reflect -trimpath "$WORK/b035=>" -I $WORK/b035/ -I /home/sketc/.g/go/pkg/include -D GOOS_linux -D GOARCH_arm64 -gensymabis -o $WORK/b035/symabis ./asm_arm64.s
cat >/tmp/go-build4245046153/b035/importcfg << 'EOF' # internal
# import config
packagefile errors=/tmp/go-build4245046153/b003/_pkg_.a
packagefile internal/abi=/tmp/go-build4245046153/b005/_pkg_.a
packagefile internal/bytealg=/tmp/go-build4245046153/b010/_pkg_.a
packagefile internal/goarch=/tmp/go-build4245046153/b006/_pkg_.a
packagefile internal/itoa=/tmp/go-build4245046153/b036/_pkg_.a
packagefile internal/race=/tmp/go-build4245046153/b029/_pkg_.a
packagefile internal/runtime/maps=/tmp/go-build4245046153/b026/_pkg_.a
packagefile internal/runtime/sys=/tmp/go-build4245046153/b030/_pkg_.a
packagefile internal/unsafeheader=/tmp/go-build4245046153/b008/_pkg_.a
packagefile iter=/tmp/go-build4245046153/b037/_pkg_.a
packagefile math=/tmp/go-build4245046153/b038/_pkg_.a
packagefile runtime=/tmp/go-build4245046153/b009/_pkg_.a
packagefile strconv=/tmp/go-build4245046153/b040/_pkg_.a
packagefile sync=/tmp/go-build4245046153/b042/_pkg_.a
packagefile unicode=/tmp/go-build4245046153/b046/_pkg_.a
packagefile unicode/utf8=/tmp/go-build4245046153/b041/_pkg_.a
EOF
cd /home/sketc/workspace/go-progect/sysint
/home/sketc/.g/go/pkg/tool/linux_arm64/compile -o $WORK/b035/_pkg_.a -trimpath "$WORK/b035=>" -p reflect -lang=go1.25 -std -buildid SkueJetbVNAFRdV75SHv/SkueJetbVNAFRdV75SHv -goversion go1.25.9 -symabis $WORK/b035/symabis -c=4 -nolocalimports -importcfg $WORK/b035/importcfg -pack -asmhdr $WORK/b035/go_asm.h /home/sketc/.g/go/src/reflect/abi.go /home/sketc/.g/go/src/reflect/badlinkname.go /home/sketc/.g/go/src/reflect/deepequal.go /home/sketc/.g/go/src/reflect/float32reg_generic.go /home/sketc/.g/go/src/reflect/iter.go /home/sketc/.g/go/src/reflect/makefunc.go /home/sketc/.g/go/src/reflect/map_swiss.go /home/sketc/.g/go/src/reflect/swapper.go /home/sketc/.g/go/src/reflect/type.go /home/sketc/.g/go/src/reflect/value.go /home/sketc/.g/go/src/reflect/visiblefields.go
go tool buildid -w $WORK/b055/_pkg_.a # internal
cp $WORK/b055/_pkg_.a /home/sketc/.cache/go-build/ea/ea342e9bb35c186b35983ef22098875f9f96b0ec31947d2fc5a70cbbe0f959b6-d # internal
encoding/base64
mkdir -p $WORK/b066/
cat >/tmp/go-build4245046153/b066/importcfg << 'EOF' # internal
# import config
packagefile internal/byteorder=/tmp/go-build4245046153/b012/_pkg_.a
packagefile io=/tmp/go-build4245046153/b048/_pkg_.a
packagefile slices=/tmp/go-build4245046153/b047/_pkg_.a
packagefile strconv=/tmp/go-build4245046153/b040/_pkg_.a
EOF
/home/sketc/.g/go/pkg/tool/linux_arm64/compile -o $WORK/b066/_pkg_.a -trimpath "$WORK/b066=>" -p encoding/base64 -lang=go1.25 -std -complete -buildid AIkQT17w0ah-ywmeh6GD/AIkQT17w0ah-ywmeh6GD -goversion go1.25.9 -c=4 -nolocalimports -importcfg $WORK/b066/importcfg -pack /home/sketc/.g/go/src/encoding/base64/base64.go
go tool buildid -w $WORK/b064/_pkg_.a # internal
cp $WORK/b064/_pkg_.a /home/sketc/.cache/go-build/10/1011d473f1ef494429cf1ce0edcbeb8f2c4af063fefbab0802742f052643c15c-d # internal
strings
mkdir -p $WORK/b067/
cat >/tmp/go-build4245046153/b067/importcfg << 'EOF' # internal
# import config
packagefile errors=/tmp/go-build4245046153/b003/_pkg_.a
packagefile internal/abi=/tmp/go-build4245046153/b005/_pkg_.a
packagefile internal/bytealg=/tmp/go-build4245046153/b010/_pkg_.a
packagefile internal/stringslite=/tmp/go-build4245046153/b031/_pkg_.a
packagefile io=/tmp/go-build4245046153/b048/_pkg_.a
packagefile iter=/tmp/go-build4245046153/b037/_pkg_.a
packagefile math/bits=/tmp/go-build4245046153/b039/_pkg_.a
packagefile sync=/tmp/go-build4245046153/b042/_pkg_.a
packagefile unicode=/tmp/go-build4245046153/b046/_pkg_.a
packagefile unicode/utf8=/tmp/go-build4245046153/b041/_pkg_.a
EOF
/home/sketc/.g/go/pkg/tool/linux_arm64/compile -o $WORK/b067/_pkg_.a -trimpath "$WORK/b067=>" -p strings -lang=go1.25 -std -complete -buildid SJVhTqwYcjaNHypm4MWE/SJVhTqwYcjaNHypm4MWE -goversion go1.25.9 -c=4 -nolocalimports -importcfg $WORK/b067/importcfg -pack /home/sketc/.g/go/src/strings/builder.go /home/sketc/.g/go/src/strings/clone.go /home/sketc/.g/go/src/strings/compare.go /home/sketc/.g/go/src/strings/iter.go /home/sketc/.g/go/src/strings/reader.go /home/sketc/.g/go/src/strings/replace.go /home/sketc/.g/go/src/strings/search.go /home/sketc/.g/go/src/strings/strings.go
go tool buildid -w $WORK/b066/_pkg_.a # internal
cp $WORK/b066/_pkg_.a /home/sketc/.cache/go-build/40/40bbce79ecf499ac2d77f759da4f410f381afbd13cdefd9abbbed4b5f76d5cb8-d # internal
vendor/golang.org/x/net/dns/dnsmessage
mkdir -p $WORK/b077/
cat >/tmp/go-build4245046153/b077/importcfg << 'EOF' # internal
# import config
packagefile errors=/tmp/go-build4245046153/b003/_pkg_.a
EOF
/home/sketc/.g/go/pkg/tool/linux_arm64/compile -o $WORK/b077/_pkg_.a -trimpath "$WORK/b077=>" -p vendor/golang.org/x/net/dns/dnsmessage -lang=go1.25 -std -complete -buildid qG4tvOhpJhuSNqb7s8Dy/qG4tvOhpJhuSNqb7s8Dy -goversion go1.25.9 -c=4 -nolocalimports -importcfg $WORK/b077/importcfg -pack /home/sketc/.g/go/src/vendor/golang.org/x/net/dns/dnsmessage/message.go
go tool buildid -w $WORK/b067/_pkg_.a # internal
cp $WORK/b067/_pkg_.a /home/sketc/.cache/go-build/2c/2c5a15b83fec0cd982c35f8a87959e2b4bcd41953911484927305b62af551f50-d # internal
bufio
mkdir -p $WORK/b073/
cat >/tmp/go-build4245046153/b073/importcfg << 'EOF' # internal
# import config
packagefile bytes=/tmp/go-build4245046153/b064/_pkg_.a
packagefile errors=/tmp/go-build4245046153/b003/_pkg_.a
packagefile io=/tmp/go-build4245046153/b048/_pkg_.a
packagefile strings=/tmp/go-build4245046153/b067/_pkg_.a
packagefile unicode/utf8=/tmp/go-build4245046153/b041/_pkg_.a
EOF
/home/sketc/.g/go/pkg/tool/linux_arm64/compile -o $WORK/b073/_pkg_.a -trimpath "$WORK/b073=>" -p bufio -lang=go1.25 -std -complete -buildid iCqHHaP-U6gYFQo9dwg7/iCqHHaP-U6gYFQo9dwg7 -goversion go1.25.9 -c=4 -nolocalimports -importcfg $WORK/b073/importcfg -pack /home/sketc/.g/go/src/bufio/bufio.go /home/sketc/.g/go/src/bufio/scan.go
go tool buildid -w $WORK/b073/_pkg_.a # internal
cp $WORK/b073/_pkg_.a /home/sketc/.cache/go-build/7b/7b4e2d70eefdcb1171c425a37ce600174d6cbed6ae495f8fc07bc0c33b15494f-d # internal
internal/singleflight
mkdir -p $WORK/b079/
cat >/tmp/go-build4245046153/b079/importcfg << 'EOF' # internal
# import config
packagefile sync=/tmp/go-build4245046153/b042/_pkg_.a
EOF
/home/sketc/.g/go/pkg/tool/linux_arm64/compile -o $WORK/b079/_pkg_.a -trimpath "$WORK/b079=>" -p internal/singleflight -lang=go1.25 -std -complete -buildid RTJHGAlloWtfc8R6Xbdt/RTJHGAlloWtfc8R6Xbdt -goversion go1.25.9 -c=4 -nolocalimports -importcfg $WORK/b079/importcfg -pack /home/sketc/.g/go/src/internal/singleflight/singleflight.go
go tool buildid -w $WORK/b079/_pkg_.a # internal
cp $WORK/b079/_pkg_.a /home/sketc/.cache/go-build/65/65598d0d82b641a83c07242ec0477825cf665eb799045d648aa023dd377eff4d-d # internal
unique
mkdir -p $WORK/b081/
cat >/tmp/go-build4245046153/b081/importcfg << 'EOF' # internal
# import config
packagefile internal/abi=/tmp/go-build4245046153/b005/_pkg_.a
packagefile internal/goarch=/tmp/go-build4245046153/b006/_pkg_.a
packagefile internal/stringslite=/tmp/go-build4245046153/b031/_pkg_.a
packagefile internal/sync=/tmp/go-build4245046153/b043/_pkg_.a
packagefile runtime=/tmp/go-build4245046153/b009/_pkg_.a
packagefile sync=/tmp/go-build4245046153/b042/_pkg_.a
packagefile sync/atomic=/tmp/go-build4245046153/b044/_pkg_.a
packagefile weak=/tmp/go-build4245046153/b082/_pkg_.a
EOF
/home/sketc/.g/go/pkg/tool/linux_arm64/compile -o $WORK/b081/_pkg_.a -trimpath "$WORK/b081=>" -p unique -lang=go1.25 -std -complete -buildid qTgA_9fUlvaXuOh7M9-C/qTgA_9fUlvaXuOh7M9-C -goversion go1.25.9 -c=4 -nolocalimports -importcfg $WORK/b081/importcfg -pack /home/sketc/.g/go/src/unique/canonmap.go /home/sketc/.g/go/src/unique/clone.go /home/sketc/.g/go/src/unique/doc.go /home/sketc/.g/go/src/unique/handle.go
go tool buildid -w $WORK/b077/_pkg_.a # internal
cp $WORK/b077/_pkg_.a /home/sketc/.cache/go-build/4c/4c83a96ff3d562ff7105d7dee1310fbc4c9a395d46315a070a683fb948d8108d-d # internal
cd /home/sketc/.g/go/src/syscall
/home/sketc/.g/go/pkg/tool/linux_arm64/asm -p syscall -trimpath "$WORK/b057=>" -I $WORK/b057/ -I /home/sketc/.g/go/pkg/include -D GOOS_linux -D GOARCH_arm64 -o $WORK/b057/asm_linux_arm64.o ./asm_linux_arm64.s
go tool pack r $WORK/b057/_pkg_.a $WORK/b057/asm_linux_arm64.o # internal
go tool buildid -w $WORK/b057/_pkg_.a # internal
runtime/cgo
mkdir -p $WORK/b083/
cd /home/sketc/.g/go/src/runtime/cgo
TERM='dumb' CGO_LDFLAGS='' /home/sketc/.g/go/pkg/tool/linux_arm64/cgo -objdir $WORK/b083/ -importpath runtime/cgo -import_runtime_cgo=false -import_syscall=false "-ldflags=\"-O2\" \"-g\" \"-lpthread\"" -- -I $WORK/b083/ -O2 -g -Wall -Werror -fno-stack-protector -Wdeclaration-after-statement ./cgo.go
cp $WORK/b057/_pkg_.a /home/sketc/.cache/go-build/61/61236f7bff6557afe50522ae9cbeca2631544589cb48e7f22413007aeb7fe06e-d # internal
time
mkdir -p $WORK/b054/
cat >/tmp/go-build4245046153/b054/importcfg << 'EOF' # internal
# import config
packagefile errors=/tmp/go-build4245046153/b003/_pkg_.a
packagefile internal/bytealg=/tmp/go-build4245046153/b010/_pkg_.a
packagefile internal/godebug=/tmp/go-build4245046153/b055/_pkg_.a
packagefile internal/stringslite=/tmp/go-build4245046153/b031/_pkg_.a
packagefile math/bits=/tmp/go-build4245046153/b039/_pkg_.a
packagefile runtime=/tmp/go-build4245046153/b009/_pkg_.a
packagefile sync=/tmp/go-build4245046153/b042/_pkg_.a
packagefile syscall=/tmp/go-build4245046153/b057/_pkg_.a
EOF
cd /home/sketc/workspace/go-progect/sysint
/home/sketc/.g/go/pkg/tool/linux_arm64/compile -o $WORK/b054/_pkg_.a -trimpath "$WORK/b054=>" -p time -lang=go1.25 -std -buildid yqeVaC_G4leaq6iYnFnB/yqeVaC_G4leaq6iYnFnB -goversion go1.25.9 -c=4 -nolocalimports -importcfg $WORK/b054/importcfg -pack /home/sketc/.g/go/src/time/format.go /home/sketc/.g/go/src/time/format_rfc3339.go /home/sketc/.g/go/src/time/sleep.go /home/sketc/.g/go/src/time/sys_unix.go /home/sketc/.g/go/src/time/tick.go /home/sketc/.g/go/src/time/time.go /home/sketc/.g/go/src/time/zoneinfo.go /home/sketc/.g/go/src/time/zoneinfo_goroot.go /home/sketc/.g/go/src/time/zoneinfo_read.go /home/sketc/.g/go/src/time/zoneinfo_unix.go
cd $WORK
gcc -I /home/sketc/.g/go/src/runtime/cgo -fPIC -pthread -Wl,--no-gc-sections -fmessage-length=0 -ffile-prefix-map=$WORK/b083=/tmp/go-build -gno-record-gcc-switches -frandom-seed=1 -O2 -g -c -x c - -o /dev/null || true
cd $WORK/b083
TERM='dumb' gcc -I /home/sketc/.g/go/src/runtime/cgo -fPIC -pthread -Wl,--no-gc-sections -fmessage-length=0 -ffile-prefix-map=$WORK/b083=/tmp/go-build -gno-record-gcc-switches -I $WORK/b083/ -O2 -g -Wall -Werror -fno-stack-protector -Wdeclaration-after-statement -ffile-prefix-map=/home/sketc/.g/go=/_/GOROOT -frandom-seed=_VaUdhN3KgSnJK9rQ3zI -o $WORK/b083/_x001.o -c _cgo_export.c
go tool buildid -w $WORK/b081/_pkg_.a # internal
cp $WORK/b081/_pkg_.a /home/sketc/.cache/go-build/fa/fa242e2f72b731b8fd818e31730d4a2787a2edda9a4ccc34d29716b1edcbcc2e-d # internal
internal/syscall/unix
mkdir -p $WORK/b059/
cat >/tmp/go-build4245046153/b059/importcfg << 'EOF' # internal
# import config
packagefile internal/itoa=/tmp/go-build4245046153/b036/_pkg_.a
packagefile runtime=/tmp/go-build4245046153/b009/_pkg_.a
packagefile sync/atomic=/tmp/go-build4245046153/b044/_pkg_.a
packagefile syscall=/tmp/go-build4245046153/b057/_pkg_.a
EOF
cd /home/sketc/workspace/go-progect/sysint
/home/sketc/.g/go/pkg/tool/linux_arm64/compile -o $WORK/b059/_pkg_.a -trimpath "$WORK/b059=>" -p internal/syscall/unix -lang=go1.25 -std -complete -buildid kkiBD7cI_4qzNoM-DFB6/kkiBD7cI_4qzNoM-DFB6 -goversion go1.25.9 -c=4 -nolocalimports -importcfg $WORK/b059/importcfg -pack /home/sketc/.g/go/src/internal/syscall/unix/at.go /home/sketc/.g/go/src/internal/syscall/unix/at_fstatat.go /home/sketc/.g/go/src/internal/syscall/unix/at_sysnum_fstatat_linux.go /home/sketc/.g/go/src/internal/syscall/unix/at_sysnum_linux.go /home/sketc/.g/go/src/internal/syscall/unix/constants.go /home/sketc/.g/go/src/internal/syscall/unix/copy_file_range_unix.go /home/sketc/.g/go/src/internal/syscall/unix/eaccess.go /home/sketc/.g/go/src/internal/syscall/unix/faccessat_syscall.go /home/sketc/.g/go/src/internal/syscall/unix/fchmodat_linux.go /home/sketc/.g/go/src/internal/syscall/unix/fcntl_unix.go /home/sketc/.g/go/src/internal/syscall/unix/getrandom.go /home/sketc/.g/go/src/internal/syscall/unix/getrandom_linux.go /home/sketc/.g/go/src/internal/syscall/unix/kernel_version_linux.go /home/sketc/.g/go/src/internal/syscall/unix/net.go /home/sketc/.g/go/src/internal/syscall/unix/nofollow_posix.go /home/sketc/.g/go/src/internal/syscall/unix/nonblocking_unix.go /home/sketc/.g/go/src/internal/syscall/unix/pidfd_linux.go /home/sketc/.g/go/src/internal/syscall/unix/renameat_sysnum_linux.go /home/sketc/.g/go/src/internal/syscall/unix/siginfo_linux.go /home/sketc/.g/go/src/internal/syscall/unix/siginfo_linux_other.go /home/sketc/.g/go/src/internal/syscall/unix/syscall.go /home/sketc/.g/go/src/internal/syscall/unix/sysnum_linux_generic.go /home/sketc/.g/go/src/internal/syscall/unix/tcsetpgrp_linux.go /home/sketc/.g/go/src/internal/syscall/unix/utimes.go /home/sketc/.g/go/src/internal/syscall/unix/waitid_linux.go
cd $WORK/b083
TERM='dumb' gcc -I /home/sketc/.g/go/src/runtime/cgo -fPIC -pthread -Wl,--no-gc-sections -fmessage-length=0 -ffile-prefix-map=$WORK/b083=/tmp/go-build -gno-record-gcc-switches -I $WORK/b083/ -O2 -g -Wall -Werror -fno-stack-protector -Wdeclaration-after-statement -ffile-prefix-map=/home/sketc/.g/go=/_/GOROOT -frandom-seed=_VaUdhN3KgSnJK9rQ3zI -o $WORK/b083/_x002.o -c cgo.cgo2.c
go tool buildid -w $WORK/b059/_pkg_.a # internal
cd /home/sketc/.g/go/src/runtime/cgo
TERM='dumb' gcc -I . -fPIC -pthread -Wl,--no-gc-sections -fmessage-length=0 -ffile-prefix-map=$WORK/b083=/tmp/go-build -gno-record-gcc-switches -I $WORK/b083/ -O2 -g -Wall -Werror -fno-stack-protector -Wdeclaration-after-statement -ffile-prefix-map=/home/sketc/.g/go=/_/GOROOT -frandom-seed=_VaUdhN3KgSnJK9rQ3zI -o $WORK/b083/_x003.o -c gcc_context.c
cp $WORK/b059/_pkg_.a /home/sketc/.cache/go-build/b6/b6a53a081285bb426c0c441e3dc5f4a9ea64ed46a75e79041e4cd5205a035455-d # internal
internal/syscall/execenv
mkdir -p $WORK/b060/
cat >/tmp/go-build4245046153/b060/importcfg << 'EOF' # internal
# import config
packagefile syscall=/tmp/go-build4245046153/b057/_pkg_.a
EOF
cd /home/sketc/workspace/go-progect/sysint
/home/sketc/.g/go/pkg/tool/linux_arm64/compile -o $WORK/b060/_pkg_.a -trimpath "$WORK/b060=>" -p internal/syscall/execenv -lang=go1.25 -std -complete -buildid 56YUuI7zXXpOLmKFQLap/56YUuI7zXXpOLmKFQLap -goversion go1.25.9 -c=4 -nolocalimports -importcfg $WORK/b060/importcfg -pack /home/sketc/.g/go/src/internal/syscall/execenv/execenv_default.go
go tool buildid -w $WORK/b060/_pkg_.a # internal
cp $WORK/b060/_pkg_.a /home/sketc/.cache/go-build/66/664be635e50f13937f6588f4559fd46807bd6517ae9ad8e55dbbc5b8d1e65925-d # internal
net/netip
mkdir -p $WORK/b080/
cat >/tmp/go-build4245046153/b080/importcfg << 'EOF' # internal
# import config
packagefile cmp=/tmp/go-build4245046153/b034/_pkg_.a
packagefile errors=/tmp/go-build4245046153/b003/_pkg_.a
packagefile internal/bytealg=/tmp/go-build4245046153/b010/_pkg_.a
packagefile internal/byteorder=/tmp/go-build4245046153/b012/_pkg_.a
packagefile internal/itoa=/tmp/go-build4245046153/b036/_pkg_.a
packagefile math=/tmp/go-build4245046153/b038/_pkg_.a
packagefile math/bits=/tmp/go-build4245046153/b039/_pkg_.a
packagefile strconv=/tmp/go-build4245046153/b040/_pkg_.a
packagefile unique=/tmp/go-build4245046153/b081/_pkg_.a
EOF
/home/sketc/.g/go/pkg/tool/linux_arm64/compile -o $WORK/b080/_pkg_.a -trimpath "$WORK/b080=>" -p net/netip -lang=go1.25 -std -complete -buildid zs1OK-JxsIYCGNffqHL9/zs1OK-JxsIYCGNffqHL9 -goversion go1.25.9 -c=4 -nolocalimports -importcfg $WORK/b080/importcfg -pack /home/sketc/.g/go/src/net/netip/netip.go /home/sketc/.g/go/src/net/netip/uint128.go
cd /home/sketc/.g/go/src/runtime/cgo
TERM='dumb' gcc -I . -fPIC -pthread -Wl,--no-gc-sections -fmessage-length=0 -ffile-prefix-map=$WORK/b083=/tmp/go-build -gno-record-gcc-switches -I $WORK/b083/ -O2 -g -Wall -Werror -fno-stack-protector -Wdeclaration-after-statement -ffile-prefix-map=/home/sketc/.g/go=/_/GOROOT -frandom-seed=_VaUdhN3KgSnJK9rQ3zI -o $WORK/b083/_x004.o -c gcc_fatalf.c
cd /home/sketc/.g/go/src/reflect
/home/sketc/.g/go/pkg/tool/linux_arm64/asm -p reflect -trimpath "$WORK/b035=>" -I $WORK/b035/ -I /home/sketc/.g/go/pkg/include -D GOOS_linux -D GOARCH_arm64 -o $WORK/b035/asm_arm64.o ./asm_arm64.s
go tool pack r $WORK/b035/_pkg_.a $WORK/b035/asm_arm64.o # internal
go tool buildid -w $WORK/b035/_pkg_.a # internal
cp $WORK/b035/_pkg_.a /home/sketc/.cache/go-build/3a/3a8e0d4932b2b94a75c45898ecb64201a7b1a8e84dfd837bf622765ae62c0c29-d # internal
internal/fmtsort
mkdir -p $WORK/b033/
cat >/tmp/go-build4245046153/b033/importcfg << 'EOF' # internal
# import config
packagefile cmp=/tmp/go-build4245046153/b034/_pkg_.a
packagefile reflect=/tmp/go-build4245046153/b035/_pkg_.a
packagefile slices=/tmp/go-build4245046153/b047/_pkg_.a
EOF
cd /home/sketc/workspace/go-progect/sysint
/home/sketc/.g/go/pkg/tool/linux_arm64/compile -o $WORK/b033/_pkg_.a -trimpath "$WORK/b033=>" -p internal/fmtsort -lang=go1.25 -std -complete -buildid b-GzP_sxGxg2onItjSh8/b-GzP_sxGxg2onItjSh8 -goversion go1.25.9 -c=4 -nolocalimports -importcfg $WORK/b033/importcfg -pack /home/sketc/.g/go/src/internal/fmtsort/sort.go
cd /home/sketc/.g/go/src/runtime/cgo
TERM='dumb' gcc -I . -fPIC -pthread -Wl,--no-gc-sections -fmessage-length=0 -ffile-prefix-map=$WORK/b083=/tmp/go-build -gno-record-gcc-switches -I $WORK/b083/ -O2 -g -Wall -Werror -fno-stack-protector -Wdeclaration-after-statement -ffile-prefix-map=/home/sketc/.g/go=/_/GOROOT -frandom-seed=_VaUdhN3KgSnJK9rQ3zI -o $WORK/b083/_x005.o -c gcc_libinit.c
go tool buildid -w $WORK/b033/_pkg_.a # internal
cp $WORK/b033/_pkg_.a /home/sketc/.cache/go-build/17/17cd97bc4351ae4d058fbca070aae27012c8fed954a12e375593843d58504b88-d # internal
regexp/syntax
mkdir -p $WORK/b087/
cat >/tmp/go-build4245046153/b087/importcfg << 'EOF' # internal
# import config
packagefile slices=/tmp/go-build4245046153/b047/_pkg_.a
packagefile sort=/tmp/go-build4245046153/b084/_pkg_.a
packagefile strconv=/tmp/go-build4245046153/b040/_pkg_.a
packagefile strings=/tmp/go-build4245046153/b067/_pkg_.a
packagefile sync=/tmp/go-build4245046153/b042/_pkg_.a
packagefile unicode=/tmp/go-build4245046153/b046/_pkg_.a
packagefile unicode/utf8=/tmp/go-build4245046153/b041/_pkg_.a
EOF
cd /home/sketc/workspace/go-progect/sysint
/home/sketc/.g/go/pkg/tool/linux_arm64/compile -o $WORK/b087/_pkg_.a -trimpath "$WORK/b087=>" -p regexp/syntax -lang=go1.25 -std -complete -buildid 3_plu3No__wkGwaspLoc/3_plu3No__wkGwaspLoc -goversion go1.25.9 -c=4 -nolocalimports -importcfg $WORK/b087/importcfg -pack /home/sketc/.g/go/src/regexp/syntax/compile.go /home/sketc/.g/go/src/regexp/syntax/doc.go /home/sketc/.g/go/src/regexp/syntax/op_string.go /home/sketc/.g/go/src/regexp/syntax/parse.go /home/sketc/.g/go/src/regexp/syntax/perl_groups.go /home/sketc/.g/go/src/regexp/syntax/prog.go /home/sketc/.g/go/src/regexp/syntax/regexp.go /home/sketc/.g/go/src/regexp/syntax/simplify.go
cd /home/sketc/.g/go/src/runtime/cgo
TERM='dumb' gcc -I . -fPIC -pthread -Wl,--no-gc-sections -fmessage-length=0 -ffile-prefix-map=$WORK/b083=/tmp/go-build -gno-record-gcc-switches -I $WORK/b083/ -O2 -g -Wall -Werror -fno-stack-protector -Wdeclaration-after-statement -ffile-prefix-map=/home/sketc/.g/go=/_/GOROOT -frandom-seed=_VaUdhN3KgSnJK9rQ3zI -o $WORK/b083/_x006.o -c gcc_linux_arm64.c
go tool buildid -w $WORK/b054/_pkg_.a # internal
cp $WORK/b054/_pkg_.a /home/sketc/.cache/go-build/f6/f60903c57ec671be1e0366354361f9635c3dae7e9e19552d63aa895a1aa7400f-d # internal
io/fs
mkdir -p $WORK/b051/
cat >/tmp/go-build4245046153/b051/importcfg << 'EOF' # internal
# import config
packagefile errors=/tmp/go-build4245046153/b003/_pkg_.a
packagefile internal/bytealg=/tmp/go-build4245046153/b010/_pkg_.a
packagefile internal/oserror=/tmp/go-build4245046153/b052/_pkg_.a
packagefile io=/tmp/go-build4245046153/b048/_pkg_.a
packagefile path=/tmp/go-build4245046153/b053/_pkg_.a
packagefile slices=/tmp/go-build4245046153/b047/_pkg_.a
packagefile time=/tmp/go-build4245046153/b054/_pkg_.a
packagefile unicode/utf8=/tmp/go-build4245046153/b041/_pkg_.a
EOF
cd /home/sketc/workspace/go-progect/sysint
/home/sketc/.g/go/pkg/tool/linux_arm64/compile -o $WORK/b051/_pkg_.a -trimpath "$WORK/b051=>" -p io/fs -lang=go1.25 -std -complete -buildid 1fFLv0qE7Z7ClBvZeLuJ/1fFLv0qE7Z7ClBvZeLuJ -goversion go1.25.9 -c=4 -nolocalimports -importcfg $WORK/b051/importcfg -pack /home/sketc/.g/go/src/io/fs/format.go /home/sketc/.g/go/src/io/fs/fs.go /home/sketc/.g/go/src/io/fs/glob.go /home/sketc/.g/go/src/io/fs/readdir.go /home/sketc/.g/go/src/io/fs/readfile.go /home/sketc/.g/go/src/io/fs/readlink.go /home/sketc/.g/go/src/io/fs/stat.go /home/sketc/.g/go/src/io/fs/sub.go /home/sketc/.g/go/src/io/fs/walk.go
go tool buildid -w $WORK/b080/_pkg_.a # internal
cp $WORK/b080/_pkg_.a /home/sketc/.cache/go-build/ca/ca4c28e21499f3c61039d68b67d46be0f507f5982ca9dcda175ffd325e7fccf3-d # internal
internal/poll
mkdir -p $WORK/b058/
cat >/tmp/go-build4245046153/b058/importcfg << 'EOF' # internal
# import config
packagefile errors=/tmp/go-build4245046153/b003/_pkg_.a
packagefile internal/itoa=/tmp/go-build4245046153/b036/_pkg_.a
packagefile internal/syscall/unix=/tmp/go-build4245046153/b059/_pkg_.a
packagefile io=/tmp/go-build4245046153/b048/_pkg_.a
packagefile runtime=/tmp/go-build4245046153/b009/_pkg_.a
packagefile sync=/tmp/go-build4245046153/b042/_pkg_.a
packagefile sync/atomic=/tmp/go-build4245046153/b044/_pkg_.a
packagefile syscall=/tmp/go-build4245046153/b057/_pkg_.a
packagefile time=/tmp/go-build4245046153/b054/_pkg_.a
EOF
/home/sketc/.g/go/pkg/tool/linux_arm64/compile -o $WORK/b058/_pkg_.a -trimpath "$WORK/b058=>" -p internal/poll -lang=go1.25 -std -buildid INpvj5zsq2zb3ye6wqD5/INpvj5zsq2zb3ye6wqD5 -goversion go1.25.9 -c=4 -nolocalimports -importcfg $WORK/b058/importcfg -pack /home/sketc/.g/go/src/internal/poll/copy_file_range_linux.go /home/sketc/.g/go/src/internal/poll/copy_file_range_unix.go /home/sketc/.g/go/src/internal/poll/errno_unix.go /home/sketc/.g/go/src/internal/poll/fd.go /home/sketc/.g/go/src/internal/poll/fd_fsync_posix.go /home/sketc/.g/go/src/internal/poll/fd_mutex.go /home/sketc/.g/go/src/internal/poll/fd_poll_runtime.go /home/sketc/.g/go/src/internal/poll/fd_posix.go /home/sketc/.g/go/src/internal/poll/fd_unix.go /home/sketc/.g/go/src/internal/poll/fd_unixjs.go /home/sketc/.g/go/src/internal/poll/fd_writev_unix.go /home/sketc/.g/go/src/internal/poll/fstatat_unix.go /home/sketc/.g/go/src/internal/poll/hook_cloexec.go /home/sketc/.g/go/src/internal/poll/hook_unix.go /home/sketc/.g/go/src/internal/poll/iovec_unix.go /home/sketc/.g/go/src/internal/poll/sendfile.go /home/sketc/.g/go/src/internal/poll/sendfile_unix.go /home/sketc/.g/go/src/internal/poll/sock_cloexec.go /home/sketc/.g/go/src/internal/poll/sockopt.go /home/sketc/.g/go/src/internal/poll/sockopt_linux.go /home/sketc/.g/go/src/internal/poll/sockopt_unix.go /home/sketc/.g/go/src/internal/poll/sockoptip.go /home/sketc/.g/go/src/internal/poll/splice_linux.go /home/sketc/.g/go/src/internal/poll/writev.go
go tool buildid -w $WORK/b051/_pkg_.a # internal
cp $WORK/b051/_pkg_.a /home/sketc/.cache/go-build/dd/ddddff4e28e9d6e468a62b36714339d58b679dca10a6facf12dfc77390fb38db-d # internal
internal/filepathlite
mkdir -p $WORK/b050/
cat >/tmp/go-build4245046153/b050/importcfg << 'EOF' # internal
# import config
packagefile errors=/tmp/go-build4245046153/b003/_pkg_.a
packagefile internal/bytealg=/tmp/go-build4245046153/b010/_pkg_.a
packagefile internal/stringslite=/tmp/go-build4245046153/b031/_pkg_.a
packagefile io/fs=/tmp/go-build4245046153/b051/_pkg_.a
packagefile slices=/tmp/go-build4245046153/b047/_pkg_.a
EOF
/home/sketc/.g/go/pkg/tool/linux_arm64/compile -o $WORK/b050/_pkg_.a -trimpath "$WORK/b050=>" -p internal/filepathlite -lang=go1.25 -std -complete -buildid eOLtBNNLdDmBICI0Hi_a/eOLtBNNLdDmBICI0Hi_a -goversion go1.25.9 -c=4 -nolocalimports -importcfg $WORK/b050/importcfg -pack /home/sketc/.g/go/src/internal/filepathlite/path.go /home/sketc/.g/go/src/internal/filepathlite/path_nonwindows.go /home/sketc/.g/go/src/internal/filepathlite/path_unix.go
go tool buildid -w $WORK/b087/_pkg_.a # internal
cd /home/sketc/.g/go/src/runtime/cgo
TERM='dumb' gcc -I . -fPIC -pthread -Wl,--no-gc-sections -fmessage-length=0 -ffile-prefix-map=$WORK/b083=/tmp/go-build -gno-record-gcc-switches -I $WORK/b083/ -O2 -g -Wall -Werror -fno-stack-protector -Wdeclaration-after-statement -ffile-prefix-map=/home/sketc/.g/go=/_/GOROOT -frandom-seed=_VaUdhN3KgSnJK9rQ3zI -o $WORK/b083/_x007.o -c gcc_mmap.c
cp $WORK/b087/_pkg_.a /home/sketc/.cache/go-build/79/790abfcb56ac30febb17bc1695a49013bb044d714ad451058f3304a999a78562-d # internal
context
mkdir -p $WORK/b070/
cat >/tmp/go-build4245046153/b070/importcfg << 'EOF' # internal
# import config
packagefile errors=/tmp/go-build4245046153/b003/_pkg_.a
packagefile internal/reflectlite=/tmp/go-build4245046153/b004/_pkg_.a
packagefile sync=/tmp/go-build4245046153/b042/_pkg_.a
packagefile sync/atomic=/tmp/go-build4245046153/b044/_pkg_.a
packagefile time=/tmp/go-build4245046153/b054/_pkg_.a
EOF
cd /home/sketc/workspace/go-progect/sysint
/home/sketc/.g/go/pkg/tool/linux_arm64/compile -o $WORK/b070/_pkg_.a -trimpath "$WORK/b070=>" -p context -lang=go1.25 -std -complete -buildid cSzF6omRsiyoTGpE6_58/cSzF6omRsiyoTGpE6_58 -goversion go1.25.9 -c=4 -nolocalimports -importcfg $WORK/b070/importcfg -pack /home/sketc/.g/go/src/context/context.go
go tool buildid -w $WORK/b050/_pkg_.a # internal
cp $WORK/b050/_pkg_.a /home/sketc/.cache/go-build/07/07b5dc99cda2524321d3139323f6d751ab81a91192027daf89df6642f765c441-d # internal
regexp
mkdir -p $WORK/b086/
cat >/tmp/go-build4245046153/b086/importcfg << 'EOF' # internal
# import config
packagefile bytes=/tmp/go-build4245046153/b064/_pkg_.a
packagefile io=/tmp/go-build4245046153/b048/_pkg_.a
packagefile regexp/syntax=/tmp/go-build4245046153/b087/_pkg_.a
packagefile slices=/tmp/go-build4245046153/b047/_pkg_.a
packagefile strconv=/tmp/go-build4245046153/b040/_pkg_.a
packagefile strings=/tmp/go-build4245046153/b067/_pkg_.a
packagefile sync=/tmp/go-build4245046153/b042/_pkg_.a
packagefile unicode=/tmp/go-build4245046153/b046/_pkg_.a
packagefile unicode/utf8=/tmp/go-build4245046153/b041/_pkg_.a
EOF
/home/sketc/.g/go/pkg/tool/linux_arm64/compile -o $WORK/b086/_pkg_.a -trimpath "$WORK/b086=>" -p regexp -lang=go1.25 -std -complete -buildid 9-5GZcLeqMZBRq7fa7Es/9-5GZcLeqMZBRq7fa7Es -goversion go1.25.9 -c=4 -nolocalimports -importcfg $WORK/b086/importcfg -pack /home/sketc/.g/go/src/regexp/backtrack.go /home/sketc/.g/go/src/regexp/exec.go /home/sketc/.g/go/src/regexp/onepass.go /home/sketc/.g/go/src/regexp/regexp.go
cd /home/sketc/.g/go/src/runtime/cgo
TERM='dumb' gcc -I . -fPIC -pthread -Wl,--no-gc-sections -fmessage-length=0 -ffile-prefix-map=$WORK/b083=/tmp/go-build -gno-record-gcc-switches -I $WORK/b083/ -O2 -g -Wall -Werror -fno-stack-protector -Wdeclaration-after-statement -ffile-prefix-map=/home/sketc/.g/go=/_/GOROOT -frandom-seed=_VaUdhN3KgSnJK9rQ3zI -o $WORK/b083/_x008.o -c gcc_setenv.c
go tool buildid -w $WORK/b070/_pkg_.a # internal
cp $WORK/b070/_pkg_.a /home/sketc/.cache/go-build/4c/4c14c36a5a022ad5efe76ecb1784dff99fa358350e23f83cec3b4c638d5bc9cd-d # internal
log/slog/internal/buffer
mkdir -p $WORK/b097/
cat >/tmp/go-build4245046153/b097/importcfg << 'EOF' # internal
# import config
packagefile sync=/tmp/go-build4245046153/b042/_pkg_.a
EOF
cd /home/sketc/workspace/go-progect/sysint
/home/sketc/.g/go/pkg/tool/linux_arm64/compile -o $WORK/b097/_pkg_.a -trimpath "$WORK/b097=>" -p log/slog/internal/buffer -lang=go1.25 -std -complete -buildid S73_k9EkvswkuIqBM8jm/S73_k9EkvswkuIqBM8jm -goversion go1.25.9 -c=4 -nolocalimports -importcfg $WORK/b097/importcfg -pack /home/sketc/.g/go/src/log/slog/internal/buffer/buffer.go
go tool buildid -w $WORK/b097/_pkg_.a # internal
cp $WORK/b097/_pkg_.a /home/sketc/.cache/go-build/34/34d2fddda269b8b67b45833965f3f7040995c56457b16ca6172a8ee64697e10e-d # internal
cd /home/sketc/.g/go/src/runtime/cgo
TERM='dumb' gcc -I . -fPIC -pthread -Wl,--no-gc-sections -fmessage-length=0 -ffile-prefix-map=$WORK/b083=/tmp/go-build -gno-record-gcc-switches -I $WORK/b083/ -O2 -g -Wall -Werror -fno-stack-protector -Wdeclaration-after-statement -ffile-prefix-map=/home/sketc/.g/go=/_/GOROOT -frandom-seed=_VaUdhN3KgSnJK9rQ3zI -o $WORK/b083/_x009.o -c gcc_sigaction.c
go tool buildid -w $WORK/b058/_pkg_.a # internal
cp $WORK/b058/_pkg_.a /home/sketc/.cache/go-build/86/8695eccd23d74602af2df7aa8af41875cc28e49359e7f7aa6b76151df7c8c551-d # internal
os
mkdir -p $WORK/b049/
cat >/tmp/go-build4245046153/b049/importcfg << 'EOF' # internal
# import config
packagefile errors=/tmp/go-build4245046153/b003/_pkg_.a
packagefile internal/bytealg=/tmp/go-build4245046153/b010/_pkg_.a
packagefile internal/byteorder=/tmp/go-build4245046153/b012/_pkg_.a
packagefile internal/filepathlite=/tmp/go-build4245046153/b050/_pkg_.a
packagefile internal/goarch=/tmp/go-build4245046153/b006/_pkg_.a
packagefile internal/itoa=/tmp/go-build4245046153/b036/_pkg_.a
packagefile internal/poll=/tmp/go-build4245046153/b058/_pkg_.a
packagefile internal/stringslite=/tmp/go-build4245046153/b031/_pkg_.a
packagefile internal/syscall/execenv=/tmp/go-build4245046153/b060/_pkg_.a
packagefile internal/syscall/unix=/tmp/go-build4245046153/b059/_pkg_.a
packagefile internal/testlog=/tmp/go-build4245046153/b061/_pkg_.a
packagefile io=/tmp/go-build4245046153/b048/_pkg_.a
packagefile io/fs=/tmp/go-build4245046153/b051/_pkg_.a
packagefile runtime=/tmp/go-build4245046153/b009/_pkg_.a
packagefile slices=/tmp/go-build4245046153/b047/_pkg_.a
packagefile sync=/tmp/go-build4245046153/b042/_pkg_.a
packagefile sync/atomic=/tmp/go-build4245046153/b044/_pkg_.a
packagefile syscall=/tmp/go-build4245046153/b057/_pkg_.a
packagefile time=/tmp/go-build4245046153/b054/_pkg_.a
EOF
cd /home/sketc/workspace/go-progect/sysint
/home/sketc/.g/go/pkg/tool/linux_arm64/compile -o $WORK/b049/_pkg_.a -trimpath "$WORK/b049=>" -p os -lang=go1.25 -std -buildid PXJAT32voaukNossutd_/PXJAT32voaukNossutd_ -goversion go1.25.9 -c=4 -nolocalimports -importcfg $WORK/b049/importcfg -pack /home/sketc/.g/go/src/os/dir.go /home/sketc/.g/go/src/os/dir_unix.go /home/sketc/.g/go/src/os/dirent_linux.go /home/sketc/.g/go/src/os/eloop_other.go /home/sketc/.g/go/src/os/env.go /home/sketc/.g/go/src/os/error.go /home/sketc/.g/go/src/os/error_errno.go /home/sketc/.g/go/src/os/exec.go /home/sketc/.g/go/src/os/exec_linux.go /home/sketc/.g/go/src/os/exec_posix.go /home/sketc/.g/go/src/os/exec_unix.go /home/sketc/.g/go/src/os/executable.go /home/sketc/.g/go/src/os/executable_procfs.go /home/sketc/.g/go/src/os/file.go /home/sketc/.g/go/src/os/file_open_unix.go /home/sketc/.g/go/src/os/file_posix.go /home/sketc/.g/go/src/os/file_unix.go /home/sketc/.g/go/src/os/getwd.go /home/sketc/.g/go/src/os/path.go /home/sketc/.g/go/src/os/path_unix.go /home/sketc/.g/go/src/os/pidfd_linux.go /home/sketc/.g/go/src/os/pipe2_unix.go /home/sketc/.g/go/src/os/proc.go /home/sketc/.g/go/src/os/rawconn.go /home/sketc/.g/go/src/os/removeall_at.go /home/sketc/.g/go/src/os/removeall_unix.go /home/sketc/.g/go/src/os/root.go /home/sketc/.g/go/src/os/root_nonwindows.go /home/sketc/.g/go/src/os/root_openat.go /home/sketc/.g/go/src/os/root_unix.go /home/sketc/.g/go/src/os/stat.go /home/sketc/.g/go/src/os/stat_linux.go /home/sketc/.g/go/src/os/stat_unix.go /home/sketc/.g/go/src/os/statat.go /home/sketc/.g/go/src/os/statat_unix.go /home/sketc/.g/go/src/os/sticky_notbsd.go /home/sketc/.g/go/src/os/sys.go /home/sketc/.g/go/src/os/sys_linux.go /home/sketc/.g/go/src/os/sys_unix.go /home/sketc/.g/go/src/os/tempfile.go /home/sketc/.g/go/src/os/types.go /home/sketc/.g/go/src/os/types_unix.go /home/sketc/.g/go/src/os/wait_waitid.go /home/sketc/.g/go/src/os/zero_copy_linux.go /home/sketc/.g/go/src/os/zero_copy_posix.go
cd /home/sketc/.g/go/src/runtime/cgo
TERM='dumb' gcc -I . -fPIC -pthread -Wl,--no-gc-sections -fmessage-length=0 -ffile-prefix-map=$WORK/b083=/tmp/go-build -gno-record-gcc-switches -I $WORK/b083/ -O2 -g -Wall -Werror -fno-stack-protector -Wdeclaration-after-statement -ffile-prefix-map=/home/sketc/.g/go=/_/GOROOT -frandom-seed=_VaUdhN3KgSnJK9rQ3zI -o $WORK/b083/_x010.o -c gcc_stack_unix.c
go tool buildid -w $WORK/b086/_pkg_.a # internal
cp $WORK/b086/_pkg_.a /home/sketc/.cache/go-build/5b/5bdc4492e64f22947b2d70f96103998484d57b6b3c9dcf4dcd2686a3d2a5b4c4-d # internal
TERM='dumb' gcc -I . -fPIC -pthread -Wl,--no-gc-sections -fmessage-length=0 -ffile-prefix-map=$WORK/b083=/tmp/go-build -gno-record-gcc-switches -I $WORK/b083/ -O2 -g -Wall -Werror -fno-stack-protector -Wdeclaration-after-statement -ffile-prefix-map=/home/sketc/.g/go=/_/GOROOT -frandom-seed=_VaUdhN3KgSnJK9rQ3zI -o $WORK/b083/_x011.o -c gcc_traceback.c
TERM='dumb' gcc -I . -fPIC -pthread -Wl,--no-gc-sections -fmessage-length=0 -ffile-prefix-map=$WORK/b083=/tmp/go-build -gno-record-gcc-switches -I $WORK/b083/ -O2 -g -Wall -Werror -fno-stack-protector -Wdeclaration-after-statement -ffile-prefix-map=/home/sketc/.g/go=/_/GOROOT -frandom-seed=_VaUdhN3KgSnJK9rQ3zI -o $WORK/b083/_x012.o -c gcc_util.c
TERM='dumb' gcc -I . -fPIC -pthread -Wl,--no-gc-sections -fmessage-length=0 -ffile-prefix-map=$WORK/b083=/tmp/go-build -gno-record-gcc-switches -I $WORK/b083/ -O2 -g -Wall -Werror -fno-stack-protector -Wdeclaration-after-statement -ffile-prefix-map=/home/sketc/.g/go=/_/GOROOT -frandom-seed=_VaUdhN3KgSnJK9rQ3zI -o $WORK/b083/_x013.o -c linux_syscall.c
TERM='dumb' gcc -I . -fPIC -pthread -Wl,--no-gc-sections -fmessage-length=0 -ffile-prefix-map=$WORK/b083=/tmp/go-build -gno-record-gcc-switches -I $WORK/b083/ -O2 -g -Wall -Werror -fno-stack-protector -Wdeclaration-after-statement -ffile-prefix-map=/home/sketc/.g/go=/_/GOROOT -frandom-seed=_VaUdhN3KgSnJK9rQ3zI -o $WORK/b083/_x014.o -c gcc_arm64.S
cd $WORK/b083
TERM='dumb' gcc -I /home/sketc/.g/go/src/runtime/cgo -fPIC -pthread -Wl,--no-gc-sections -fmessage-length=0 -ffile-prefix-map=$WORK/b083=/tmp/go-build -gno-record-gcc-switches -I $WORK/b083/ -O2 -g -Wall -Werror -fno-stack-protector -Wdeclaration-after-statement -ffile-prefix-map=/home/sketc/.g/go=/_/GOROOT -frandom-seed=_VaUdhN3KgSnJK9rQ3zI -o $WORK/b083/_cgo_main.o -c _cgo_main.c
go tool buildid -w $WORK/b049/_pkg_.a # internal
cp $WORK/b049/_pkg_.a /home/sketc/.cache/go-build/f9/f936d10cf85c6146a11efac6107bdb8bd456cf4081c0c605cd2e1e18c680589b-d # internal
path/filepath
mkdir -p $WORK/b085/
fmt
mkdir -p $WORK/b002/
cat >/tmp/go-build4245046153/b085/importcfg << 'EOF' # internal
# import config
packagefile errors=/tmp/go-build4245046153/b003/_pkg_.a
packagefile internal/bytealg=/tmp/go-build4245046153/b010/_pkg_.a
packagefile internal/filepathlite=/tmp/go-build4245046153/b050/_pkg_.a
packagefile io/fs=/tmp/go-build4245046153/b051/_pkg_.a
packagefile os=/tmp/go-build4245046153/b049/_pkg_.a
packagefile runtime=/tmp/go-build4245046153/b009/_pkg_.a
packagefile slices=/tmp/go-build4245046153/b047/_pkg_.a
packagefile strings=/tmp/go-build4245046153/b067/_pkg_.a
packagefile syscall=/tmp/go-build4245046153/b057/_pkg_.a
packagefile unicode/utf8=/tmp/go-build4245046153/b041/_pkg_.a
EOF
cat >/tmp/go-build4245046153/b002/importcfg << 'EOF' # internal
# import config
packagefile errors=/tmp/go-build4245046153/b003/_pkg_.a
packagefile internal/fmtsort=/tmp/go-build4245046153/b033/_pkg_.a
packagefile io=/tmp/go-build4245046153/b048/_pkg_.a
packagefile math=/tmp/go-build4245046153/b038/_pkg_.a
packagefile os=/tmp/go-build4245046153/b049/_pkg_.a
packagefile reflect=/tmp/go-build4245046153/b035/_pkg_.a
packagefile slices=/tmp/go-build4245046153/b047/_pkg_.a
packagefile strconv=/tmp/go-build4245046153/b040/_pkg_.a
packagefile sync=/tmp/go-build4245046153/b042/_pkg_.a
packagefile unicode/utf8=/tmp/go-build4245046153/b041/_pkg_.a
EOF
cd /home/sketc/workspace/go-progect/sysint
/home/sketc/.g/go/pkg/tool/linux_arm64/compile -o $WORK/b085/_pkg_.a -trimpath "$WORK/b085=>" -p path/filepath -lang=go1.25 -std -complete -buildid _XK9XCODajf-3x1E1Ns5/_XK9XCODajf-3x1E1Ns5 -goversion go1.25.9 -c=4 -nolocalimports -importcfg $WORK/b085/importcfg -pack /home/sketc/.g/go/src/path/filepath/match.go /home/sketc/.g/go/src/path/filepath/path.go /home/sketc/.g/go/src/path/filepath/path_unix.go /home/sketc/.g/go/src/path/filepath/symlink.go /home/sketc/.g/go/src/path/filepath/symlink_unix.go
/home/sketc/.g/go/pkg/tool/linux_arm64/compile -o $WORK/b002/_pkg_.a -trimpath "$WORK/b002=>" -p fmt -lang=go1.25 -std -complete -buildid 8aDjs3VGnWoJv445_yII/8aDjs3VGnWoJv445_yII -goversion go1.25.9 -c=4 -nolocalimports -importcfg $WORK/b002/importcfg -pack /home/sketc/.g/go/src/fmt/doc.go /home/sketc/.g/go/src/fmt/errors.go /home/sketc/.g/go/src/fmt/format.go /home/sketc/.g/go/src/fmt/print.go /home/sketc/.g/go/src/fmt/scan.go
TERM='dumb' gcc -I /home/sketc/.g/go/src/runtime/cgo -fPIC -pthread -Wl,--no-gc-sections -fmessage-length=0 -ffile-prefix-map=$WORK/b083=/tmp/go-build -gno-record-gcc-switches -o $WORK/b083/_cgo_.o $WORK/b083/_cgo_main.o $WORK/b083/_x001.o $WORK/b083/_x002.o $WORK/b083/_x003.o $WORK/b083/_x004.o $WORK/b083/_x005.o $WORK/b083/_x006.o $WORK/b083/_x007.o $WORK/b083/_x008.o $WORK/b083/_x009.o $WORK/b083/_x010.o $WORK/b083/_x011.o $WORK/b083/_x012.o $WORK/b083/_x013.o $WORK/b083/_x014.o -O2 -g -lpthread
gcc -I /home/sketc/.g/go/src/runtime/cgo -fPIC -pthread -Wl,--no-gc-sections -fmessage-length=0 -ffile-prefix-map=$WORK/b083=/tmp/go-build -gno-record-gcc-switches -o $WORK/b083/_cgo_.o $WORK/b083/_cgo_main.o $WORK/b083/_x001.o $WORK/b083/_x002.o $WORK/b083/_x003.o $WORK/b083/_x004.o $WORK/b083/_x005.o $WORK/b083/_x006.o $WORK/b083/_x007.o $WORK/b083/_x008.o $WORK/b083/_x009.o $WORK/b083/_x010.o $WORK/b083/_x011.o $WORK/b083/_x012.o $WORK/b083/_x013.o $WORK/b083/_x014.o -O2 -g -lpthread # test for internal linking errors (succeeded)
TERM='dumb' /home/sketc/.g/go/pkg/tool/linux_arm64/cgo -dynpackage cgo -dynimport $WORK/b083/_cgo_.o -dynout $WORK/b083/_cgo_import.go -dynlinker
echo -n > $WORK/b083/go_asm.h # internal
cd /home/sketc/.g/go/src/runtime/cgo
/home/sketc/.g/go/pkg/tool/linux_arm64/asm -p runtime/cgo -trimpath "$WORK/b083=>" -I $WORK/b083/ -I /home/sketc/.g/go/pkg/include -D GOOS_linux -D GOARCH_arm64 -gensymabis -o $WORK/b083/symabis ./asm_arm64.s
cat >/tmp/go-build4245046153/b083/importcfg << 'EOF' # internal
# import config
packagefile internal/runtime/sys=/tmp/go-build4245046153/b030/_pkg_.a
packagefile sync=/tmp/go-build4245046153/b042/_pkg_.a
packagefile sync/atomic=/tmp/go-build4245046153/b044/_pkg_.a
EOF
cd /home/sketc/workspace/go-progect/sysint
/home/sketc/.g/go/pkg/tool/linux_arm64/compile -o $WORK/b083/_pkg_.a -trimpath "$WORK/b083=>" -p runtime/cgo -lang=go1.25 -std -buildid _VaUdhN3KgSnJK9rQ3zI/_VaUdhN3KgSnJK9rQ3zI -goversion go1.25.9 -symabis $WORK/b083/symabis -c=4 -nolocalimports -importcfg $WORK/b083/importcfg -pack -asmhdr $WORK/b083/go_asm.h /home/sketc/.g/go/src/runtime/cgo/callbacks.go /home/sketc/.g/go/src/runtime/cgo/callbacks_traceback.go /home/sketc/.g/go/src/runtime/cgo/handle.go /home/sketc/.g/go/src/runtime/cgo/iscgo.go /home/sketc/.g/go/src/runtime/cgo/linux.go /home/sketc/.g/go/src/runtime/cgo/mmap.go /home/sketc/.g/go/src/runtime/cgo/setenv.go /home/sketc/.g/go/src/runtime/cgo/sigaction.go $WORK/b083/_cgo_gotypes.go $WORK/b083/cgo.cgo1.go $WORK/b083/_cgo_import.go
go tool buildid -w $WORK/b085/_pkg_.a # internal
cp $WORK/b085/_pkg_.a /home/sketc/.cache/go-build/68/681c0125e26aa8d4bf3c7dd95f7d9012d5c74885867a8af93c899786e7e54c88-d # internal
cp /home/sketc/.g/go/src/runtime/cgo/abi_arm64.h $WORK/b083/abi_GOARCH.h
cd /home/sketc/.g/go/src/runtime/cgo
/home/sketc/.g/go/pkg/tool/linux_arm64/asm -p runtime/cgo -trimpath "$WORK/b083=>" -I $WORK/b083/ -I /home/sketc/.g/go/pkg/include -D GOOS_linux -D GOARCH_arm64 -o $WORK/b083/asm_arm64.o ./asm_arm64.s
go tool pack r $WORK/b083/_pkg_.a $WORK/b083/asm_arm64.o $WORK/b083/_x001.o $WORK/b083/_x002.o $WORK/b083/_x003.o $WORK/b083/_x004.o $WORK/b083/_x005.o $WORK/b083/_x006.o $WORK/b083/_x007.o $WORK/b083/_x008.o $WORK/b083/_x009.o $WORK/b083/_x010.o $WORK/b083/_x011.o $WORK/b083/_x012.o $WORK/b083/_x013.o $WORK/b083/_x014.o # internal
go tool buildid -w $WORK/b083/_pkg_.a # internal
cp $WORK/b083/_pkg_.a /home/sketc/.cache/go-build/17/17dd9345074fb18cc419a52629ce69c44dc957b4305e62c424658a90f143af33-d # internal
net
mkdir -p $WORK/b076/
cd /home/sketc/.g/go/src/net
TERM='dumb' CGO_LDFLAGS='' /home/sketc/.g/go/pkg/tool/linux_arm64/cgo -objdir $WORK/b076/ -importpath net "-ldflags=\"-O2\" \"-g\" \"-lresolv\"" -- -I $WORK/b076/ -O2 -g -fno-stack-protector ./cgo_linux.go ./cgo_resnew.go ./cgo_socknew.go ./cgo_unix_cgo.go ./cgo_unix_cgo_res.go
go tool buildid -w $WORK/b002/_pkg_.a # internal
cp $WORK/b002/_pkg_.a /home/sketc/.cache/go-build/e4/e4f44477cb7f48b77d960d6fdf39147fea502125376061b538fd11f253683b83-d # internal
encoding/csv
mkdir -p $WORK/b072/
encoding/json
mkdir -p $WORK/b063/
cat >/tmp/go-build4245046153/b072/importcfg << 'EOF' # internal
# import config
packagefile bufio=/tmp/go-build4245046153/b073/_pkg_.a
packagefile bytes=/tmp/go-build4245046153/b064/_pkg_.a
packagefile errors=/tmp/go-build4245046153/b003/_pkg_.a
packagefile fmt=/tmp/go-build4245046153/b002/_pkg_.a
packagefile io=/tmp/go-build4245046153/b048/_pkg_.a
packagefile strings=/tmp/go-build4245046153/b067/_pkg_.a
packagefile unicode=/tmp/go-build4245046153/b046/_pkg_.a
packagefile unicode/utf8=/tmp/go-build4245046153/b041/_pkg_.a
EOF
cd /home/sketc/workspace/go-progect/sysint
/home/sketc/.g/go/pkg/tool/linux_arm64/compile -o $WORK/b072/_pkg_.a -trimpath "$WORK/b072=>" -p encoding/csv -lang=go1.25 -std -complete -buildid olb_UxkpEFsz-sp59x6d/olb_UxkpEFsz-sp59x6d -goversion go1.25.9 -c=4 -nolocalimports -importcfg $WORK/b072/importcfg -pack /home/sketc/.g/go/src/encoding/csv/reader.go /home/sketc/.g/go/src/encoding/csv/writer.go
cat >/tmp/go-build4245046153/b063/importcfg << 'EOF' # internal
# import config
packagefile bytes=/tmp/go-build4245046153/b064/_pkg_.a
packagefile cmp=/tmp/go-build4245046153/b034/_pkg_.a
packagefile encoding=/tmp/go-build4245046153/b065/_pkg_.a
packagefile encoding/base64=/tmp/go-build4245046153/b066/_pkg_.a
packagefile errors=/tmp/go-build4245046153/b003/_pkg_.a
packagefile fmt=/tmp/go-build4245046153/b002/_pkg_.a
packagefile io=/tmp/go-build4245046153/b048/_pkg_.a
packagefile math=/tmp/go-build4245046153/b038/_pkg_.a
packagefile reflect=/tmp/go-build4245046153/b035/_pkg_.a
packagefile slices=/tmp/go-build4245046153/b047/_pkg_.a
packagefile strconv=/tmp/go-build4245046153/b040/_pkg_.a
packagefile strings=/tmp/go-build4245046153/b067/_pkg_.a
packagefile sync=/tmp/go-build4245046153/b042/_pkg_.a
packagefile unicode=/tmp/go-build4245046153/b046/_pkg_.a
packagefile unicode/utf16=/tmp/go-build4245046153/b068/_pkg_.a
packagefile unicode/utf8=/tmp/go-build4245046153/b041/_pkg_.a
EOF
/home/sketc/.g/go/pkg/tool/linux_arm64/compile -o $WORK/b063/_pkg_.a -trimpath "$WORK/b063=>" -p encoding/json -lang=go1.25 -std -complete -buildid yaVSI43XFXWbNmPvJv5_/yaVSI43XFXWbNmPvJv5_ -goversion go1.25.9 -c=4 -nolocalimports -importcfg $WORK/b063/importcfg -pack /home/sketc/.g/go/src/encoding/json/decode.go /home/sketc/.g/go/src/encoding/json/encode.go /home/sketc/.g/go/src/encoding/json/fold.go /home/sketc/.g/go/src/encoding/json/indent.go /home/sketc/.g/go/src/encoding/json/scanner.go /home/sketc/.g/go/src/encoding/json/stream.go /home/sketc/.g/go/src/encoding/json/tables.go /home/sketc/.g/go/src/encoding/json/tags.go
encoding/hex
mkdir -p $WORK/b074/
cat >/tmp/go-build4245046153/b074/importcfg << 'EOF' # internal
# import config
packagefile errors=/tmp/go-build4245046153/b003/_pkg_.a
packagefile fmt=/tmp/go-build4245046153/b002/_pkg_.a
packagefile io=/tmp/go-build4245046153/b048/_pkg_.a
packagefile slices=/tmp/go-build4245046153/b047/_pkg_.a
packagefile strings=/tmp/go-build4245046153/b067/_pkg_.a
EOF
/home/sketc/.g/go/pkg/tool/linux_arm64/compile -o $WORK/b074/_pkg_.a -trimpath "$WORK/b074=>" -p encoding/hex -lang=go1.25 -std -complete -buildid 43XGUkSETG7MMRMlqU5P/43XGUkSETG7MMRMlqU5P -goversion go1.25.9 -c=4 -nolocalimports -importcfg $WORK/b074/importcfg -pack /home/sketc/.g/go/src/encoding/hex/hex.go
go tool buildid -w $WORK/b074/_pkg_.a # internal
cp $WORK/b074/_pkg_.a /home/sketc/.cache/go-build/6f/6fba0b64b1b854a9bbd55fd9c0ca84b7e2aa480b79a227a6a7c424a4b137a2a4-d # internal
flag
mkdir -p $WORK/b075/
cat >/tmp/go-build4245046153/b075/importcfg << 'EOF' # internal
# import config
packagefile encoding=/tmp/go-build4245046153/b065/_pkg_.a
packagefile errors=/tmp/go-build4245046153/b003/_pkg_.a
packagefile fmt=/tmp/go-build4245046153/b002/_pkg_.a
packagefile io=/tmp/go-build4245046153/b048/_pkg_.a
packagefile os=/tmp/go-build4245046153/b049/_pkg_.a
packagefile reflect=/tmp/go-build4245046153/b035/_pkg_.a
packagefile runtime=/tmp/go-build4245046153/b009/_pkg_.a
packagefile slices=/tmp/go-build4245046153/b047/_pkg_.a
packagefile strconv=/tmp/go-build4245046153/b040/_pkg_.a
packagefile strings=/tmp/go-build4245046153/b067/_pkg_.a
packagefile time=/tmp/go-build4245046153/b054/_pkg_.a
EOF
/home/sketc/.g/go/pkg/tool/linux_arm64/compile -o $WORK/b075/_pkg_.a -trimpath "$WORK/b075=>" -p flag -lang=go1.25 -std -complete -buildid M6MjXJB45cBfONZHMZ3j/M6MjXJB45cBfONZHMZ3j -goversion go1.25.9 -c=4 -nolocalimports -importcfg $WORK/b075/importcfg -pack /home/sketc/.g/go/src/flag/flag.go
go tool buildid -w $WORK/b072/_pkg_.a # internal
cp $WORK/b072/_pkg_.a /home/sketc/.cache/go-build/7d/7d3a091974a1fd98879a59348f9f8930dfc8a87cef6e980c7969537ea94d322b-d # internal
net/url
mkdir -p $WORK/b090/
cat >/tmp/go-build4245046153/b090/importcfg << 'EOF' # internal
# import config
packagefile errors=/tmp/go-build4245046153/b003/_pkg_.a
packagefile fmt=/tmp/go-build4245046153/b002/_pkg_.a
packagefile internal/godebug=/tmp/go-build4245046153/b055/_pkg_.a
packagefile maps=/tmp/go-build4245046153/b089/_pkg_.a
packagefile net/netip=/tmp/go-build4245046153/b080/_pkg_.a
packagefile path=/tmp/go-build4245046153/b053/_pkg_.a
packagefile slices=/tmp/go-build4245046153/b047/_pkg_.a
packagefile strconv=/tmp/go-build4245046153/b040/_pkg_.a
packagefile strings=/tmp/go-build4245046153/b067/_pkg_.a
EOF
/home/sketc/.g/go/pkg/tool/linux_arm64/compile -o $WORK/b090/_pkg_.a -trimpath "$WORK/b090=>" -p net/url -lang=go1.25 -std -complete -buildid IMab4P12SM8AG0gfCgHn/IMab4P12SM8AG0gfCgHn -goversion go1.25.9 -c=4 -nolocalimports -importcfg $WORK/b090/importcfg -pack /home/sketc/.g/go/src/net/url/url.go
go tool buildid -w $WORK/b075/_pkg_.a # internal
cp $WORK/b075/_pkg_.a /home/sketc/.cache/go-build/8b/8bcede7b4ff5c473fd806c2620228918569b2cc58ce0f07de079c9be7792c05d-d # internal
text/template/parse
mkdir -p $WORK/b091/
cat >/tmp/go-build4245046153/b091/importcfg << 'EOF' # internal
# import config
packagefile bytes=/tmp/go-build4245046153/b064/_pkg_.a
packagefile fmt=/tmp/go-build4245046153/b002/_pkg_.a
packagefile runtime=/tmp/go-build4245046153/b009/_pkg_.a
packagefile strconv=/tmp/go-build4245046153/b040/_pkg_.a
packagefile strings=/tmp/go-build4245046153/b067/_pkg_.a
packagefile unicode=/tmp/go-build4245046153/b046/_pkg_.a
packagefile unicode/utf8=/tmp/go-build4245046153/b041/_pkg_.a
EOF
/home/sketc/.g/go/pkg/tool/linux_arm64/compile -o $WORK/b091/_pkg_.a -trimpath "$WORK/b091=>" -p text/template/parse -lang=go1.25 -std -complete -buildid KYL5ypLD2Pve2ipPMr_C/KYL5ypLD2Pve2ipPMr_C -goversion go1.25.9 -c=4 -nolocalimports -importcfg $WORK/b091/importcfg -pack /home/sketc/.g/go/src/text/template/parse/lex.go /home/sketc/.g/go/src/text/template/parse/node.go /home/sketc/.g/go/src/text/template/parse/parse.go
go tool buildid -w $WORK/b090/_pkg_.a # internal
cp $WORK/b090/_pkg_.a /home/sketc/.cache/go-build/4d/4d9ec743d69ecbb9085ac54aaa1d7f3f6c52ab9a006fc29fa96c4f173336f19c-d # internal
log
mkdir -p $WORK/b094/
cat >/tmp/go-build4245046153/b094/importcfg << 'EOF' # internal
# import config
packagefile fmt=/tmp/go-build4245046153/b002/_pkg_.a
packagefile io=/tmp/go-build4245046153/b048/_pkg_.a
packagefile log/internal=/tmp/go-build4245046153/b095/_pkg_.a
packagefile os=/tmp/go-build4245046153/b049/_pkg_.a
packagefile runtime=/tmp/go-build4245046153/b009/_pkg_.a
packagefile sync=/tmp/go-build4245046153/b042/_pkg_.a
packagefile sync/atomic=/tmp/go-build4245046153/b044/_pkg_.a
packagefile time=/tmp/go-build4245046153/b054/_pkg_.a
EOF
/home/sketc/.g/go/pkg/tool/linux_arm64/compile -o $WORK/b094/_pkg_.a -trimpath "$WORK/b094=>" -p log -lang=go1.25 -std -complete -buildid kU2GVSLbCLwxzCjk7_Jj/kU2GVSLbCLwxzCjk7_Jj -goversion go1.25.9 -c=4 -nolocalimports -importcfg $WORK/b094/importcfg -pack /home/sketc/.g/go/src/log/log.go
go tool buildid -w $WORK/b094/_pkg_.a # internal
cp $WORK/b094/_pkg_.a /home/sketc/.cache/go-build/5e/5ee7576446615b0207539b22c4d19b33d5b9b398682460280f3d1728e775a7b7-d # internal
github.com/sysint/internal/version
mkdir -p $WORK/b098/
cat >/tmp/go-build4245046153/b098/importcfg << 'EOF' # internal
# import config
packagefile fmt=/tmp/go-build4245046153/b002/_pkg_.a
packagefile runtime=/tmp/go-build4245046153/b009/_pkg_.a
packagefile time=/tmp/go-build4245046153/b054/_pkg_.a
EOF
/home/sketc/.g/go/pkg/tool/linux_arm64/compile -o $WORK/b098/_pkg_.a -trimpath "$WORK/b098=>" -p github.com/sysint/internal/version -lang=go1.25 -complete -buildid KEzEN1Zg-sXVAIDtBFXE/KEzEN1Zg-sXVAIDtBFXE -goversion go1.25.9 -c=4 -nolocalimports -importcfg $WORK/b098/importcfg -pack ./internal/version/version.go
go tool buildid -w $WORK/b098/_pkg_.a # internal
cp $WORK/b098/_pkg_.a /home/sketc/.cache/go-build/29/29e201daa67b507cdaa9eefa9f1af61f8989d2aace9cc88fd7b70707f9a18bb1-d # internal
go tool buildid -w $WORK/b063/_pkg_.a # internal
go tool buildid -w $WORK/b091/_pkg_.a # internal
cp $WORK/b091/_pkg_.a /home/sketc/.cache/go-build/1b/1bb23be0bcdfeb15330f58f94b78767c8f143fd7557de30e125d15c26e079952-d # internal
text/template
mkdir -p $WORK/b088/
cat >/tmp/go-build4245046153/b088/importcfg << 'EOF' # internal
# import config
packagefile errors=/tmp/go-build4245046153/b003/_pkg_.a
packagefile fmt=/tmp/go-build4245046153/b002/_pkg_.a
packagefile internal/fmtsort=/tmp/go-build4245046153/b033/_pkg_.a
packagefile io=/tmp/go-build4245046153/b048/_pkg_.a
packagefile io/fs=/tmp/go-build4245046153/b051/_pkg_.a
packagefile maps=/tmp/go-build4245046153/b089/_pkg_.a
packagefile net/url=/tmp/go-build4245046153/b090/_pkg_.a
packagefile os=/tmp/go-build4245046153/b049/_pkg_.a
packagefile path=/tmp/go-build4245046153/b053/_pkg_.a
packagefile path/filepath=/tmp/go-build4245046153/b085/_pkg_.a
packagefile reflect=/tmp/go-build4245046153/b035/_pkg_.a
packagefile runtime=/tmp/go-build4245046153/b009/_pkg_.a
packagefile strings=/tmp/go-build4245046153/b067/_pkg_.a
packagefile sync=/tmp/go-build4245046153/b042/_pkg_.a
packagefile text/template/parse=/tmp/go-build4245046153/b091/_pkg_.a
packagefile unicode=/tmp/go-build4245046153/b046/_pkg_.a
packagefile unicode/utf8=/tmp/go-build4245046153/b041/_pkg_.a
EOF
/home/sketc/.g/go/pkg/tool/linux_arm64/compile -o $WORK/b088/_pkg_.a -trimpath "$WORK/b088=>" -p text/template -lang=go1.25 -std -complete -buildid -K4o7JhS6NrkAYN1UBsm/-K4o7JhS6NrkAYN1UBsm -goversion go1.25.9 -c=4 -nolocalimports -importcfg $WORK/b088/importcfg -pack /home/sketc/.g/go/src/text/template/doc.go /home/sketc/.g/go/src/text/template/exec.go /home/sketc/.g/go/src/text/template/funcs.go /home/sketc/.g/go/src/text/template/helper.go /home/sketc/.g/go/src/text/template/option.go /home/sketc/.g/go/src/text/template/template.go
cp $WORK/b063/_pkg_.a /home/sketc/.cache/go-build/ef/effff2de83a9cbfd0baf9be799c72fce57a1159f15cc618784cdced60a629bde-d # internal
log/slog
mkdir -p $WORK/b093/
cat >/tmp/go-build4245046153/b093/importcfg << 'EOF' # internal
# import config
packagefile bytes=/tmp/go-build4245046153/b064/_pkg_.a
packagefile context=/tmp/go-build4245046153/b070/_pkg_.a
packagefile encoding=/tmp/go-build4245046153/b065/_pkg_.a
packagefile encoding/json=/tmp/go-build4245046153/b063/_pkg_.a
packagefile errors=/tmp/go-build4245046153/b003/_pkg_.a
packagefile fmt=/tmp/go-build4245046153/b002/_pkg_.a
packagefile io=/tmp/go-build4245046153/b048/_pkg_.a
packagefile log=/tmp/go-build4245046153/b094/_pkg_.a
packagefile log/internal=/tmp/go-build4245046153/b095/_pkg_.a
packagefile log/slog/internal=/tmp/go-build4245046153/b096/_pkg_.a
packagefile log/slog/internal/buffer=/tmp/go-build4245046153/b097/_pkg_.a
packagefile math=/tmp/go-build4245046153/b038/_pkg_.a
packagefile reflect=/tmp/go-build4245046153/b035/_pkg_.a
packagefile runtime=/tmp/go-build4245046153/b009/_pkg_.a
packagefile slices=/tmp/go-build4245046153/b047/_pkg_.a
packagefile strconv=/tmp/go-build4245046153/b040/_pkg_.a
packagefile strings=/tmp/go-build4245046153/b067/_pkg_.a
packagefile sync=/tmp/go-build4245046153/b042/_pkg_.a
packagefile sync/atomic=/tmp/go-build4245046153/b044/_pkg_.a
packagefile time=/tmp/go-build4245046153/b054/_pkg_.a
packagefile unicode=/tmp/go-build4245046153/b046/_pkg_.a
packagefile unicode/utf8=/tmp/go-build4245046153/b041/_pkg_.a
EOF
/home/sketc/.g/go/pkg/tool/linux_arm64/compile -o $WORK/b093/_pkg_.a -trimpath "$WORK/b093=>" -p log/slog -lang=go1.25 -std -complete -buildid 9CWvf5JltfjCbXq32jYl/9CWvf5JltfjCbXq32jYl -goversion go1.25.9 -c=4 -nolocalimports -importcfg $WORK/b093/importcfg -pack /home/sketc/.g/go/src/log/slog/attr.go /home/sketc/.g/go/src/log/slog/doc.go /home/sketc/.g/go/src/log/slog/handler.go /home/sketc/.g/go/src/log/slog/json_handler.go /home/sketc/.g/go/src/log/slog/level.go /home/sketc/.g/go/src/log/slog/logger.go /home/sketc/.g/go/src/log/slog/record.go /home/sketc/.g/go/src/log/slog/text_handler.go /home/sketc/.g/go/src/log/slog/value.go
go tool buildid -w $WORK/b093/_pkg_.a # internal
cd $WORK/b076
TERM='dumb' gcc -I /home/sketc/.g/go/src/net -fPIC -pthread -Wl,--no-gc-sections -fmessage-length=0 -ffile-prefix-map=$WORK/b076=/tmp/go-build -gno-record-gcc-switches -I $WORK/b076/ -O2 -g -fno-stack-protector -ffile-prefix-map=/home/sketc/.g/go=/_/GOROOT -frandom-seed=yTP80SJsASAXVN2xZNjw -o $WORK/b076/_x001.o -c _cgo_export.c
cp $WORK/b093/_pkg_.a /home/sketc/.cache/go-build/dd/dda25b36d4a3f53059c45e1e8b327e3d4cc5b658f4b7b66d9582f8a58b1943ec-d # internal
github.com/sysint/internal/logger
mkdir -p $WORK/b092/
cat >/tmp/go-build4245046153/b092/importcfg << 'EOF' # internal
# import config
packagefile context=/tmp/go-build4245046153/b070/_pkg_.a
packagefile flag=/tmp/go-build4245046153/b075/_pkg_.a
packagefile fmt=/tmp/go-build4245046153/b002/_pkg_.a
packagefile io=/tmp/go-build4245046153/b048/_pkg_.a
packagefile log/slog=/tmp/go-build4245046153/b093/_pkg_.a
packagefile os=/tmp/go-build4245046153/b049/_pkg_.a
packagefile runtime=/tmp/go-build4245046153/b009/_pkg_.a
packagefile strconv=/tmp/go-build4245046153/b040/_pkg_.a
packagefile strings=/tmp/go-build4245046153/b067/_pkg_.a
packagefile sync=/tmp/go-build4245046153/b042/_pkg_.a
packagefile time=/tmp/go-build4245046153/b054/_pkg_.a
EOF
cd /home/sketc/workspace/go-progect/sysint
/home/sketc/.g/go/pkg/tool/linux_arm64/compile -o $WORK/b092/_pkg_.a -trimpath "$WORK/b092=>" -p github.com/sysint/internal/logger -lang=go1.25 -complete -buildid lfvajVxy6bGQnFP-Asv_/lfvajVxy6bGQnFP-Asv_ -goversion go1.25.9 -c=4 -nolocalimports -importcfg $WORK/b092/importcfg -pack ./internal/logger/batch_logger.go ./internal/logger/config.go ./internal/logger/logger.go
go tool buildid -w $WORK/b088/_pkg_.a # internal
cp $WORK/b088/_pkg_.a /home/sketc/.cache/go-build/c3/c320099f8e5a14c56c06e1e3e355b8627c341aa309080369813445493f9dc728-d # internal
cd $WORK/b076
TERM='dumb' gcc -I /home/sketc/.g/go/src/net -fPIC -pthread -Wl,--no-gc-sections -fmessage-length=0 -ffile-prefix-map=$WORK/b076=/tmp/go-build -gno-record-gcc-switches -I $WORK/b076/ -O2 -g -fno-stack-protector -ffile-prefix-map=/home/sketc/.g/go=/_/GOROOT -frandom-seed=yTP80SJsASAXVN2xZNjw -o $WORK/b076/_x002.o -c cgo_linux.cgo2.c
TERM='dumb' gcc -I /home/sketc/.g/go/src/net -fPIC -pthread -Wl,--no-gc-sections -fmessage-length=0 -ffile-prefix-map=$WORK/b076=/tmp/go-build -gno-record-gcc-switches -I $WORK/b076/ -O2 -g -fno-stack-protector -ffile-prefix-map=/home/sketc/.g/go=/_/GOROOT -frandom-seed=yTP80SJsASAXVN2xZNjw -o $WORK/b076/_x003.o -c cgo_resnew.cgo2.c
go tool buildid -w $WORK/b092/_pkg_.a # internal
cp $WORK/b092/_pkg_.a /home/sketc/.cache/go-build/0a/0a5e57fb86ff970aa9d1c484d924983e21ba93eabdf77ff9a758c2b8dcf0419e-d # internal
TERM='dumb' gcc -I /home/sketc/.g/go/src/net -fPIC -pthread -Wl,--no-gc-sections -fmessage-length=0 -ffile-prefix-map=$WORK/b076=/tmp/go-build -gno-record-gcc-switches -I $WORK/b076/ -O2 -g -fno-stack-protector -ffile-prefix-map=/home/sketc/.g/go=/_/GOROOT -frandom-seed=yTP80SJsASAXVN2xZNjw -o $WORK/b076/_x004.o -c cgo_socknew.cgo2.c
TERM='dumb' gcc -I /home/sketc/.g/go/src/net -fPIC -pthread -Wl,--no-gc-sections -fmessage-length=0 -ffile-prefix-map=$WORK/b076=/tmp/go-build -gno-record-gcc-switches -I $WORK/b076/ -O2 -g -fno-stack-protector -ffile-prefix-map=/home/sketc/.g/go=/_/GOROOT -frandom-seed=yTP80SJsASAXVN2xZNjw -o $WORK/b076/_x005.o -c cgo_unix_cgo.cgo2.c
TERM='dumb' gcc -I /home/sketc/.g/go/src/net -fPIC -pthread -Wl,--no-gc-sections -fmessage-length=0 -ffile-prefix-map=$WORK/b076=/tmp/go-build -gno-record-gcc-switches -I $WORK/b076/ -O2 -g -fno-stack-protector -ffile-prefix-map=/home/sketc/.g/go=/_/GOROOT -frandom-seed=yTP80SJsASAXVN2xZNjw -o $WORK/b076/_x006.o -c cgo_unix_cgo_res.cgo2.c
TERM='dumb' gcc -I /home/sketc/.g/go/src/net -fPIC -pthread -Wl,--no-gc-sections -fmessage-length=0 -ffile-prefix-map=$WORK/b076=/tmp/go-build -gno-record-gcc-switches -I $WORK/b076/ -O2 -g -fno-stack-protector -ffile-prefix-map=/home/sketc/.g/go=/_/GOROOT -frandom-seed=yTP80SJsASAXVN2xZNjw -o $WORK/b076/_cgo_main.o -c _cgo_main.c
cd /home/sketc/workspace/go-progect/sysint
TERM='dumb' gcc -I /home/sketc/.g/go/src/net -fPIC -pthread -Wl,--no-gc-sections -fmessage-length=0 -ffile-prefix-map=$WORK/b076=/tmp/go-build -gno-record-gcc-switches -o $WORK/b076/_cgo_.o $WORK/b076/_cgo_main.o $WORK/b076/_x001.o $WORK/b076/_x002.o $WORK/b076/_x003.o $WORK/b076/_x004.o $WORK/b076/_x005.o $WORK/b076/_x006.o -O2 -g -lresolv
gcc -I /home/sketc/.g/go/src/net -fPIC -pthread -Wl,--no-gc-sections -fmessage-length=0 -ffile-prefix-map=$WORK/b076=/tmp/go-build -gno-record-gcc-switches -o $WORK/b076/_cgo_.o $WORK/b076/_cgo_main.o $WORK/b076/_x001.o $WORK/b076/_x002.o $WORK/b076/_x003.o $WORK/b076/_x004.o $WORK/b076/_x005.o $WORK/b076/_x006.o -O2 -g -lresolv # test for internal linking errors (succeeded)
TERM='dumb' /home/sketc/.g/go/pkg/tool/linux_arm64/cgo -dynpackage net -dynimport $WORK/b076/_cgo_.o -dynout $WORK/b076/_cgo_import.go
cat >/tmp/go-build4245046153/b076/importcfg << 'EOF' # internal
# import config
importmap golang.org/x/net/dns/dnsmessage=vendor/golang.org/x/net/dns/dnsmessage
packagefile cmp=/tmp/go-build4245046153/b034/_pkg_.a
packagefile context=/tmp/go-build4245046153/b070/_pkg_.a
packagefile errors=/tmp/go-build4245046153/b003/_pkg_.a
packagefile vendor/golang.org/x/net/dns/dnsmessage=/tmp/go-build4245046153/b077/_pkg_.a
packagefile internal/bytealg=/tmp/go-build4245046153/b010/_pkg_.a
packagefile internal/godebug=/tmp/go-build4245046153/b055/_pkg_.a
packagefile internal/itoa=/tmp/go-build4245046153/b036/_pkg_.a
packagefile internal/nettrace=/tmp/go-build4245046153/b078/_pkg_.a
packagefile internal/poll=/tmp/go-build4245046153/b058/_pkg_.a
packagefile internal/singleflight=/tmp/go-build4245046153/b079/_pkg_.a
packagefile internal/stringslite=/tmp/go-build4245046153/b031/_pkg_.a
packagefile internal/syscall/unix=/tmp/go-build4245046153/b059/_pkg_.a
packagefile io=/tmp/go-build4245046153/b048/_pkg_.a
packagefile io/fs=/tmp/go-build4245046153/b051/_pkg_.a
packagefile net/netip=/tmp/go-build4245046153/b080/_pkg_.a
packagefile os=/tmp/go-build4245046153/b049/_pkg_.a
packagefile runtime=/tmp/go-build4245046153/b009/_pkg_.a
packagefile slices=/tmp/go-build4245046153/b047/_pkg_.a
packagefile sync=/tmp/go-build4245046153/b042/_pkg_.a
packagefile sync/atomic=/tmp/go-build4245046153/b044/_pkg_.a
packagefile syscall=/tmp/go-build4245046153/b057/_pkg_.a
packagefile time=/tmp/go-build4245046153/b054/_pkg_.a
packagefile runtime/cgo=/tmp/go-build4245046153/b083/_pkg_.a
EOF
/home/sketc/.g/go/pkg/tool/linux_arm64/compile -o $WORK/b076/_pkg_.a -trimpath "$WORK/b076=>" -p net -lang=go1.25 -std -buildid yTP80SJsASAXVN2xZNjw/yTP80SJsASAXVN2xZNjw -goversion go1.25.9 -c=4 -nolocalimports -importcfg $WORK/b076/importcfg -pack /home/sketc/.g/go/src/net/addrselect.go /home/sketc/.g/go/src/net/cgo_unix.go /home/sketc/.g/go/src/net/conf.go /home/sketc/.g/go/src/net/dial.go /home/sketc/.g/go/src/net/dnsclient.go /home/sketc/.g/go/src/net/dnsclient_unix.go /home/sketc/.g/go/src/net/dnsconfig.go /home/sketc/.g/go/src/net/dnsconfig_unix.go /home/sketc/.g/go/src/net/error_posix.go /home/sketc/.g/go/src/net/error_unix.go /home/sketc/.g/go/src/net/fd_posix.go /home/sketc/.g/go/src/net/fd_unix.go /home/sketc/.g/go/src/net/file.go /home/sketc/.g/go/src/net/file_posix.go /home/sketc/.g/go/src/net/file_unix.go /home/sketc/.g/go/src/net/hook.go /home/sketc/.g/go/src/net/hook_unix.go /home/sketc/.g/go/src/net/hosts.go /home/sketc/.g/go/src/net/interface.go /home/sketc/.g/go/src/net/interface_linux.go /home/sketc/.g/go/src/net/ip.go /home/sketc/.g/go/src/net/iprawsock.go /home/sketc/.g/go/src/net/iprawsock_posix.go /home/sketc/.g/go/src/net/ipsock.go /home/sketc/.g/go/src/net/ipsock_posix.go /home/sketc/.g/go/src/net/lookup.go /home/sketc/.g/go/src/net/lookup_unix.go /home/sketc/.g/go/src/net/mac.go /home/sketc/.g/go/src/net/mptcpsock_linux.go /home/sketc/.g/go/src/net/net.go /home/sketc/.g/go/src/net/netcgo_off.go /home/sketc/.g/go/src/net/netgo_off.go /home/sketc/.g/go/src/net/nss.go /home/sketc/.g/go/src/net/parse.go /home/sketc/.g/go/src/net/pipe.go /home/sketc/.g/go/src/net/port.go /home/sketc/.g/go/src/net/port_unix.go /home/sketc/.g/go/src/net/rawconn.go /home/sketc/.g/go/src/net/rlimit_unix.go /home/sketc/.g/go/src/net/sendfile.go /home/sketc/.g/go/src/net/sendfile_nonwindows.go /home/sketc/.g/go/src/net/sock_cloexec.go /home/sketc/.g/go/src/net/sock_linux.go /home/sketc/.g/go/src/net/sock_posix.go /home/sketc/.g/go/src/net/sockaddr_posix.go /home/sketc/.g/go/src/net/sockopt_linux.go /home/sketc/.g/go/src/net/sockopt_posix.go /home/sketc/.g/go/src/net/sockoptip4_linux.go /home/sketc/.g/go/src/net/sockoptip6_posix.go /home/sketc/.g/go/src/net/splice_linux.go /home/sketc/.g/go/src/net/tcpsock.go /home/sketc/.g/go/src/net/tcpsock_posix.go /home/sketc/.g/go/src/net/tcpsock_unix.go /home/sketc/.g/go/src/net/tcpsockopt_posix.go /home/sketc/.g/go/src/net/tcpsockopt_unix.go /home/sketc/.g/go/src/net/udpsock.go /home/sketc/.g/go/src/net/udpsock_posix.go /home/sketc/.g/go/src/net/unixsock.go /home/sketc/.g/go/src/net/unixsock_posix.go /home/sketc/.g/go/src/net/unixsock_readmsg_cmsg_cloexec.go /home/sketc/.g/go/src/net/writev_unix.go $WORK/b076/_cgo_gotypes.go $WORK/b076/cgo_linux.cgo1.go $WORK/b076/cgo_resnew.cgo1.go $WORK/b076/cgo_socknew.cgo1.go $WORK/b076/cgo_unix_cgo.cgo1.go $WORK/b076/cgo_unix_cgo_res.cgo1.go $WORK/b076/_cgo_import.go
cd /home/sketc/.g/go/src/net
go tool pack r $WORK/b076/_pkg_.a $WORK/b076/_x001.o $WORK/b076/_x002.o $WORK/b076/_x003.o $WORK/b076/_x004.o $WORK/b076/_x005.o $WORK/b076/_x006.o # internal
go tool buildid -w $WORK/b076/_pkg_.a # internal
cp $WORK/b076/_pkg_.a /home/sketc/.cache/go-build/2d/2d23026b51ea1b19b1f30674736da4e04078aa1db8ff75a51ec0319c18bc9a0e-d # internal
github.com/spf13/pflag
mkdir -p $WORK/b071/
cat >/tmp/go-build4245046153/b071/importcfg << 'EOF' # internal
# import config
packagefile bytes=/tmp/go-build4245046153/b064/_pkg_.a
packagefile encoding=/tmp/go-build4245046153/b065/_pkg_.a
packagefile encoding/base64=/tmp/go-build4245046153/b066/_pkg_.a
packagefile encoding/csv=/tmp/go-build4245046153/b072/_pkg_.a
packagefile encoding/hex=/tmp/go-build4245046153/b074/_pkg_.a
packagefile errors=/tmp/go-build4245046153/b003/_pkg_.a
packagefile flag=/tmp/go-build4245046153/b075/_pkg_.a
packagefile fmt=/tmp/go-build4245046153/b002/_pkg_.a
packagefile io=/tmp/go-build4245046153/b048/_pkg_.a
packagefile net=/tmp/go-build4245046153/b076/_pkg_.a
packagefile os=/tmp/go-build4245046153/b049/_pkg_.a
packagefile reflect=/tmp/go-build4245046153/b035/_pkg_.a
packagefile sort=/tmp/go-build4245046153/b084/_pkg_.a
packagefile strconv=/tmp/go-build4245046153/b040/_pkg_.a
packagefile strings=/tmp/go-build4245046153/b067/_pkg_.a
packagefile time=/tmp/go-build4245046153/b054/_pkg_.a
EOF
cd /home/sketc/workspace/go-progect/sysint
/home/sketc/.g/go/pkg/tool/linux_arm64/compile -o $WORK/b071/_pkg_.a -trimpath "$WORK/b071=>" -p github.com/spf13/pflag -lang=go1.12 -complete -buildid IZP9MurEZjQrRDJQG4Yq/IZP9MurEZjQrRDJQG4Yq -goversion go1.25.9 -c=4 -nolocalimports -importcfg $WORK/b071/importcfg -pack /home/sketc/go/pkg/mod/github.com/spf13/pflag@v1.0.9/bool.go /home/sketc/go/pkg/mod/github.com/spf13/pflag@v1.0.9/bool_func.go /home/sketc/go/pkg/mod/github.com/spf13/pflag@v1.0.9/bool_slice.go /home/sketc/go/pkg/mod/github.com/spf13/pflag@v1.0.9/bytes.go /home/sketc/go/pkg/mod/github.com/spf13/pflag@v1.0.9/count.go /home/sketc/go/pkg/mod/github.com/spf13/pflag@v1.0.9/duration.go /home/sketc/go/pkg/mod/github.com/spf13/pflag@v1.0.9/duration_slice.go /home/sketc/go/pkg/mod/github.com/spf13/pflag@v1.0.9/errors.go /home/sketc/go/pkg/mod/github.com/spf13/pflag@v1.0.9/flag.go /home/sketc/go/pkg/mod/github.com/spf13/pflag@v1.0.9/float32.go /home/sketc/go/pkg/mod/github.com/spf13/pflag@v1.0.9/float32_slice.go /home/sketc/go/pkg/mod/github.com/spf13/pflag@v1.0.9/float64.go /home/sketc/go/pkg/mod/github.com/spf13/pflag@v1.0.9/float64_slice.go /home/sketc/go/pkg/mod/github.com/spf13/pflag@v1.0.9/func.go /home/sketc/go/pkg/mod/github.com/spf13/pflag@v1.0.9/golangflag.go /home/sketc/go/pkg/mod/github.com/spf13/pflag@v1.0.9/int.go /home/sketc/go/pkg/mod/github.com/spf13/pflag@v1.0.9/int16.go /home/sketc/go/pkg/mod/github.com/spf13/pflag@v1.0.9/int32.go /home/sketc/go/pkg/mod/github.com/spf13/pflag@v1.0.9/int32_slice.go /home/sketc/go/pkg/mod/github.com/spf13/pflag@v1.0.9/int64.go /home/sketc/go/pkg/mod/github.com/spf13/pflag@v1.0.9/int64_slice.go /home/sketc/go/pkg/mod/github.com/spf13/pflag@v1.0.9/int8.go /home/sketc/go/pkg/mod/github.com/spf13/pflag@v1.0.9/int_slice.go /home/sketc/go/pkg/mod/github.com/spf13/pflag@v1.0.9/ip.go /home/sketc/go/pkg/mod/github.com/spf13/pflag@v1.0.9/ip_slice.go /home/sketc/go/pkg/mod/github.com/spf13/pflag@v1.0.9/ipmask.go /home/sketc/go/pkg/mod/github.com/spf13/pflag@v1.0.9/ipnet.go /home/sketc/go/pkg/mod/github.com/spf13/pflag@v1.0.9/ipnet_slice.go /home/sketc/go/pkg/mod/github.com/spf13/pflag@v1.0.9/string.go /home/sketc/go/pkg/mod/github.com/spf13/pflag@v1.0.9/string_array.go /home/sketc/go/pkg/mod/github.com/spf13/pflag@v1.0.9/string_slice.go /home/sketc/go/pkg/mod/github.com/spf13/pflag@v1.0.9/string_to_int.go /home/sketc/go/pkg/mod/github.com/spf13/pflag@v1.0.9/string_to_int64.go /home/sketc/go/pkg/mod/github.com/spf13/pflag@v1.0.9/string_to_string.go /home/sketc/go/pkg/mod/github.com/spf13/pflag@v1.0.9/text.go /home/sketc/go/pkg/mod/github.com/spf13/pflag@v1.0.9/time.go /home/sketc/go/pkg/mod/github.com/spf13/pflag@v1.0.9/uint.go /home/sketc/go/pkg/mod/github.com/spf13/pflag@v1.0.9/uint16.go /home/sketc/go/pkg/mod/github.com/spf13/pflag@v1.0.9/uint32.go /home/sketc/go/pkg/mod/github.com/spf13/pflag@v1.0.9/uint64.go /home/sketc/go/pkg/mod/github.com/spf13/pflag@v1.0.9/uint8.go /home/sketc/go/pkg/mod/github.com/spf13/pflag@v1.0.9/uint_slice.go
go tool buildid -w $WORK/b071/_pkg_.a # internal
cp $WORK/b071/_pkg_.a /home/sketc/.cache/go-build/04/04522a8cceadfb3c3e2aeb91f2ee98f5fe3036e630c6c0eee20256e9efa2ace0-d # internal
github.com/spf13/cobra
mkdir -p $WORK/b069/
cat >/tmp/go-build4245046153/b069/importcfg << 'EOF' # internal
# import config
packagefile bytes=/tmp/go-build4245046153/b064/_pkg_.a
packagefile context=/tmp/go-build4245046153/b070/_pkg_.a
packagefile errors=/tmp/go-build4245046153/b003/_pkg_.a
packagefile fmt=/tmp/go-build4245046153/b002/_pkg_.a
packagefile github.com/spf13/pflag=/tmp/go-build4245046153/b071/_pkg_.a
packagefile io=/tmp/go-build4245046153/b048/_pkg_.a
packagefile os=/tmp/go-build4245046153/b049/_pkg_.a
packagefile path/filepath=/tmp/go-build4245046153/b085/_pkg_.a
packagefile reflect=/tmp/go-build4245046153/b035/_pkg_.a
packagefile regexp=/tmp/go-build4245046153/b086/_pkg_.a
packagefile sort=/tmp/go-build4245046153/b084/_pkg_.a
packagefile strconv=/tmp/go-build4245046153/b040/_pkg_.a
packagefile strings=/tmp/go-build4245046153/b067/_pkg_.a
packagefile sync=/tmp/go-build4245046153/b042/_pkg_.a
packagefile text/template=/tmp/go-build4245046153/b088/_pkg_.a
packagefile time=/tmp/go-build4245046153/b054/_pkg_.a
packagefile unicode=/tmp/go-build4245046153/b046/_pkg_.a
EOF
/home/sketc/.g/go/pkg/tool/linux_arm64/compile -o $WORK/b069/_pkg_.a -trimpath "$WORK/b069=>" -p github.com/spf13/cobra -lang=go1.15 -complete -buildid xBSyuCm3wg-B2Mh8QNko/xBSyuCm3wg-B2Mh8QNko -goversion go1.25.9 -c=4 -nolocalimports -importcfg $WORK/b069/importcfg -pack /home/sketc/go/pkg/mod/github.com/spf13/cobra@v1.10.2/active_help.go /home/sketc/go/pkg/mod/github.com/spf13/cobra@v1.10.2/args.go /home/sketc/go/pkg/mod/github.com/spf13/cobra@v1.10.2/bash_completions.go /home/sketc/go/pkg/mod/github.com/spf13/cobra@v1.10.2/bash_completionsV2.go /home/sketc/go/pkg/mod/github.com/spf13/cobra@v1.10.2/cobra.go /home/sketc/go/pkg/mod/github.com/spf13/cobra@v1.10.2/command.go /home/sketc/go/pkg/mod/github.com/spf13/cobra@v1.10.2/command_notwin.go /home/sketc/go/pkg/mod/github.com/spf13/cobra@v1.10.2/completions.go /home/sketc/go/pkg/mod/github.com/spf13/cobra@v1.10.2/fish_completions.go /home/sketc/go/pkg/mod/github.com/spf13/cobra@v1.10.2/flag_groups.go /home/sketc/go/pkg/mod/github.com/spf13/cobra@v1.10.2/powershell_completions.go /home/sketc/go/pkg/mod/github.com/spf13/cobra@v1.10.2/shell_completions.go /home/sketc/go/pkg/mod/github.com/spf13/cobra@v1.10.2/zsh_completions.go
go tool buildid -w $WORK/b069/_pkg_.a # internal
cp $WORK/b069/_pkg_.a /home/sketc/.cache/go-build/47/47721614dae947e8d59d202d50bb3b2873212a05c2a4fb68214ae7f320ba9393-d # internal
github.com/sysint/internal/cmd
mkdir -p $WORK/b062/
cat >/tmp/go-build4245046153/b062/importcfg << 'EOF' # internal
# import config
packagefile encoding/json=/tmp/go-build4245046153/b063/_pkg_.a
packagefile fmt=/tmp/go-build4245046153/b002/_pkg_.a
packagefile github.com/spf13/cobra=/tmp/go-build4245046153/b069/_pkg_.a
packagefile github.com/sysint/internal/logger=/tmp/go-build4245046153/b092/_pkg_.a
packagefile github.com/sysint/internal/version=/tmp/go-build4245046153/b098/_pkg_.a
EOF
/home/sketc/.g/go/pkg/tool/linux_arm64/compile -o $WORK/b062/_pkg_.a -trimpath "$WORK/b062=>" -p github.com/sysint/internal/cmd -lang=go1.25 -complete -buildid DY2dRzDr8GXZ3lzDbseQ/DY2dRzDr8GXZ3lzDbseQ -goversion go1.25.9 -c=4 -nolocalimports -importcfg $WORK/b062/importcfg -pack ./internal/cmd/root.go ./internal/cmd/syscheck.go ./internal/cmd/version.go
# github.com/sysint/internal/cmd
internal/cmd/syscheck.go:28:8: undefined: runSysCheck
Command exited with non-zero status 1
9.33user 1.25system 0:05.31elapsed 199%CPU (0avgtext+0avgdata 244228maxresident)k
19704inputs+230344outputs (73major+819869minor)pagefaults 0swaps
